id,name,nvar,ncon,nequ,status,objective,elapsed_time,iter,dual_feas,primal_feas,neval_obj,neval_grad,neval_cons,neval_cons_lin,neval_cons_nln,neval_jcon,neval_jgrad,neval_jac,neval_jac_lin,neval_jac_nln,neval_jprod,neval_jprod_lin,neval_jprod_nln,neval_jtprod,neval_jtprod_lin,neval_jtprod_nln,neval_hess,neval_hprod,neval_jhess,neval_jhprod,neval_residual,neval_jac_residual,neval_jprod_residual,neval_jtprod_residual,neval_hess_residual,neval_jhess_residual,neval_hprod_residual,extrainfo,nvar_slack,pdd,relative_iter_cnt
1,25FV47,1571,821,0,first_order,5501.8458907761515,0.16970205307006836,28,2.5527823496440473e-10,9.912781706589158e-11,0,0,0,0,0,0,0,0,0,0,0,0,0,0,0,0,0,0,0,0,0,0,0,0,0,0,0,,1832,5.202025666140646e-10,112
2,80BAU3B,9799,2262,0,first_order,987224.1932707346,0.561898946762085,48,2.7424960922177326e-10,1.0727458779897357e-8,0,0,0,0,0,0,0,0,0,0,0,0,0,0,0,0,0,0,0,0,0,0,0,0,0,0,0,,11244,1.3226259067674557e-9,192
3,ADLITTLE,97,56,0,first_order,225494.96317108936,0.0026428699493408203,14,2.5760360804505186e-11,9.035664241997976e-13,0,0,0,0,0,0,0,0,0,0,0,0,0,0,0,0,0,0,0,0,0,0,0,0,0,0,0,,135,6.197742606469565e-11,56
4,AFIRO,32,27,0,first_order,-464.75314283251015,0.0012738704681396484,10,3.7073437141275235e-12,7.482989680321102e-14,0,0,0,0,0,0,0,0,0,0,0,0,0,0,0,0,0,0,0,0,0,0,0,0,0,0,0,,49,6.466510072152133e-11,40
5,AGG,163,488,0,first_order,-3.599176727995473e7,0.012392997741699219,22,8.504122879548031e-9,9.736119081222767e-9,0,0,0,0,0,0,0,0,0,0,0,0,0,0,0,0,0,0,0,0,0,0,0,0,0,0,0,,437,4.1023336420522304e-10,88
6,AGG2,302,516,0,first_order,-2.023925235180655e7,0.0603330135345459,22,5.580407756115022e-6,2.3283064365386963e-10,0,0,0,0,0,0,0,0,0,0,0,0,0,0,0,0,0,0,0,0,0,0,0,0,0,0,0,,722,9.456333086424076e-9,88
7,AGG3,302,516,0,first_order,1.0312115935426462e7,0.06200003623962402,23,1.1185585821794893e-6,0.0003787848007864942,0,0,0,0,0,0,0,0,0,0,0,0,0,0,0,0,0,0,0,0,0,0,0,0,0,0,0,,722,1.8194000235008735e-10,92
8,BANDM,472,305,0,first_order,-158.62801839690147,0.010670900344848633,17,1.207268446170641e-9,3.47313289239537e-11,0,0,0,0,0,0,0,0,0,0,0,0,0,0,0,0,0,0,0,0,0,0,0,0,0,0,0,,401,7.720078784465625e-10,68
9,BEACONFD,262,173,0,first_order,33592.48581585037,0.006561994552612305,12,5.312256402782434e-8,1.0550138540565968e-10,0,0,0,0,0,0,0,0,0,0,0,0,0,0,0,0,0,0,0,0,0,0,0,0,0,0,0,,203,2.6636045931499234e-9,48
10,BLEND,83,74,0,first_order,-30.812149845409078,0.0029609203338623047,14,3.0834156055731475e-11,8.737455203799982e-14,0,0,0,0,0,0,0,0,0,0,0,0,0,0,0,0,0,0,0,0,0,0,0,0,0,0,0,,112,4.528996201186814e-11,56
11,BNL1,1175,643,0,first_order,1977.6295780227983,0.06026101112365723,36,1.0680247912404517e-11,2.0325422062381158e-8,0,0,0,0,0,0,0,0,0,0,0,0,0,0,0,0,0,0,0,0,0,0,0,0,0,0,0,,1449,8.46996683469699e-9,144
12,BNL2,3489,2324,0,first_order,1811.2365408906887,0.7119989395141602,46,3.380309586116601e-11,1.1641532182693481e-10,0,0,0,0,0,0,0,0,0,0,0,0,0,0,0,0,0,0,0,0,0,0,0,0,0,0,0,,4263,8.499738395606234e-10,184
13,BOEING1,384,351,0,first_order,-335.21356747212104,0.03527092933654785,26,5.90558135909003e-11,2.1316282072803006e-11,0,0,0,0,0,0,0,0,0,0,0,0,0,0,0,0,0,0,0,0,0,0,0,0,0,0,0,,664,2.2057095430421288e-10,104
14,BOEING2,143,166,0,first_order,-315.01872800565263,0.00816488265991211,22,2.2554930538253435e-12,5.4569682106375694e-12,0,0,0,0,0,0,0,0,0,0,0,0,0,0,0,0,0,0,0,0,0,0,0,0,0,0,0,,273,1.7945249249987641e-10,88
15,BORE3D,315,233,0,first_order,1373.0803954130595,0.00481414794921875,18,3.800981541862331e-10,2.0489494545472553e-9,0,0,0,0,0,0,0,0,0,0,0,0,0,0,0,0,0,0,0,0,0,0,0,0,0,0,0,,194,9.306710564895629e-10,72
16,BRANDY,249,220,0,first_order,1518.5098980820035,0.011482000350952148,19,1.4764699522151375e-10,2.368736318203446e-10,0,0,0,0,0,0,0,0,0,0,0,0,0,0,0,0,0,0,0,0,0,0,0,0,0,0,0,,228,1.9849306760049954e-9,76
17,CAPRI,353,271,0,first_order,2690.0129138049906,0.014602899551391602,24,5.654669327775326e-13,1.722666453929378e-11,0,0,0,0,0,0,0,0,0,0,0,0,0,0,0,0,0,0,0,0,0,0,0,0,0,0,0,,440,9.530958531399882e-11,96
18,CRE-A,4067,3516,0,first_order,2.3595407111417767e7,0.1516270637512207,29,4.749274924159585e-9,2.3584061589025253e-8,0,0,0,0,0,0,0,0,0,0,0,0,0,0,0,0,0,0,0,0,0,0,0,0,0,0,0,,6692,2.2046309792919933e-9,116
19,CRE-B,72447,9648,0,first_order,2.3129639887623042e7,3.51826810836792,47,4.736162038098234e-10,2.1613592968587335e-9,0,0,0,0,0,0,0,0,0,0,0,0,0,0,0,0,0,0,0,0,0,0,0,0,0,0,0,,36382,3.5760926201020514e-11,188
20,CRE-C,3678,3068,0,first_order,2.5275116302270114e7,0.1323249340057373,29,1.2399921452725928e-7,5.854449548032734e-9,0,0,0,0,0,0,0,0,0,0,0,0,0,0,0,0,0,0,0,0,0,0,0,0,0,0,0,,5412,7.08621240226936e-9,116
21,CRE-D,69980,8926,0,first_order,2.4454969828037232e7,2.733513832092285,47,7.601388854472368e-8,2.8717022846236763e-9,0,0,0,0,0,0,0,0,0,0,0,0,0,0,0,0,0,0,0,0,0,0,0,0,0,0,0,,28601,2.6561020950796346e-9,188
22,CYCLE,2857,1903,0,first_order,-5.226393021380092,0.24353885650634766,26,2.1325540755744925e-10,1.4551915228366852e-11,0,0,0,0,0,0,0,0,0,0,0,0,0,0,0,0,0,0,0,0,0,0,0,0,0,0,0,,3032,8.714567245384557e-10,104
23,CZPROB,3523,929,0,first_order,2.1851966995151774e6,0.06851410865783691,33,2.2272606562615937e-9,4.905302626112898e-9,0,0,0,0,0,0,0,0,0,0,0,0,0,0,0,0,0,0,0,0,0,0,0,0,0,0,0,,2797,6.711112764460312e-10,132
24,D2Q06C,5167,2171,0,first_order,122784.2111993454,1.267204999923706,35,5.575728402298536e-6,1.0847692453105624e-8,0,0,0,0,0,0,0,0,0,0,0,0,0,0,0,0,0,0,0,0,0,0,0,0,0,0,0,,5758,3.6224292795688647e-9,140
25,D6CUBE,6184,415,0,first_order,315.491666678029,0.43022704124450684,23,3.552713678800501e-15,1.0186340659856796e-10,0,0,0,0,0,0,0,0,0,0,0,0,0,0,0,0,0,0,0,0,0,0,0,0,0,0,0,,6183,3.80086837649262e-11,92
26,DEGEN2,534,444,0,first_order,-1435.177999949316,0.03531384468078613,14,1.462729069812152e-11,2.0827783941967937e-11,0,0,0,0,0,0,0,0,0,0,0,0,0,0,0,0,0,0,0,0,0,0,0,0,0,0,0,,757,8.085108727574177e-11,56
27,DEGEN3,1818,1503,0,first_order,-987.2939999296614,0.7135460376739502,29,5.58225110580679e-9,8.66930971454849e-11,0,0,0,0,0,0,0,0,0,0,0,0,0,0,0,0,0,0,0,0,0,0,0,0,0,0,0,,2604,1.7008381189568697e-10,116
28,DFL001,12230,6071,0,first_order,1.126639605260649e7,84.98607301712036,44,1.30385160446167e-8,1.6439262123508316e-9,0,0,0,0,0,0,0,0,0,0,0,0,0,0,0,0,0,0,0,0,0,0,0,0,0,0,0,,12230,5.381603241851411e-10,176
29,E226,282,223,0,first_order,-11.638929049008375,0.02023601531982422,22,6.50061057424135e-11,1.4388490399142029e-12,0,0,0,0,0,0,0,0,0,0,0,0,0,0,0,0,0,0,0,0,0,0,0,0,0,0,0,,396,1.8991740664626604e-9,88
30,ETAMACRO,688,400,0,first_order,-755.715231012313,0.0467529296875,31,4.94527690671082e-8,1.0231815394945443e-12,0,0,0,0,0,0,0,0,0,0,0,0,0,0,0,0,0,0,0,0,0,0,0,0,0,0,0,,669,3.878387541494614e-9,124
31,FFFFF800,854,524,0,first_order,555679.5678520565,0.09007620811462402,35,9.267401264878572e-5,6.289155862759799e-10,0,0,0,0,0,0,0,0,0,0,0,0,0,0,0,0,0,0,0,0,0,0,0,0,0,0,0,,980,9.28544506049914e-9,140
32,FINNIS,614,497,0,first_order,172791.0661253939,0.030796051025390625,36,5.130118552187923e-12,1.9931576389353722e-9,0,0,0,0,0,0,0,0,0,0,0,0,0,0,0,0,0,0,0,0,0,0,0,0,0,0,0,,921,4.22014509177474e-9,144
33,FIT1D,1026,24,0,first_order,-9146.378090327646,0.04453110694885254,20,2.6843289841881796e-13,2.3694248406919684e-11,0,0,0,0,0,0,0,0,0,0,0,0,0,0,0,0,0,0,0,0,0,0,0,0,0,0,0,,1049,4.514717298581992e-10,80
34,FIT1P,1677,627,0,first_order,9146.378094739344,0.029785871505737305,13,1.3646914757707899e-11,6.976641486744484e-11,0,0,0,0,0,0,0,0,0,0,0,0,0,0,0,0,0,0,0,0,0,0,0,0,0,0,0,,1677,2.602079382161714e-10,52
35,FIT2D,10500,25,0,first_order,-68464.29329316229,0.5304751396179199,24,1.5952478352444886e-12,6.795130888134894e-10,0,0,0,0,0,0,0,0,0,0,0,0,0,0,0,0,0,0,0,0,0,0,0,0,0,0,0,,10524,2.014602170788487e-11,96
36,FIT2P,13525,3000,0,first_order,68464.29334071164,0.23180913925170898,18,3.0290468458406706e-10,7.291378954942393e-10,0,0,0,0,0,0,0,0,0,0,0,0,0,0,0,0,0,0,0,0,0,0,0,0,0,0,0,,13525,9.715022938512248e-9,72
37,FORPLAN,421,161,0,unknown,-589.6059871625541,0.04154014587402344,47,0.04534120348619436,1.8189894035458565e-12,0,0,0,0,0,0,0,0,0,0,0,0,0,0,0,0,0,0,0,0,0,0,0,0,0,0,0,,459,0.1403115042033623,188
38,GANGES,1681,1309,0,first_order,-109585.73609303194,0.06436586380004883,26,5.215554639975646e-10,4.365806915984649e-7,0,0,0,0,0,0,0,0,0,0,0,0,0,0,0,0,0,0,0,0,0,0,0,0,0,0,0,,1522,2.1542255063080824e-9,104
39,GFRD-PNC,1092,616,0,first_order,6.9022360288809445e6,0.019648075103759766,22,2.747058085144298e-9,3.107425072812475e-8,0,0,0,0,0,0,0,0,0,0,0,0,0,0,0,0,0,0,0,0,0,0,0,0,0,0,0,,1134,4.910854105813709e-9,88
40,GREENBEA,5405,2392,0,unknown,-7.244265273232614e7,1.0631108283996582,83,6121.42472203654,4.982799468258345e-8,0,0,0,0,0,0,0,0,0,0,0,0,0,0,0,0,0,0,0,0,0,0,0,0,0,0,0,,4310,0.22389269436189974,332
41,GREENBEB,5405,2392,0,unknown,-4.301730076946653e6,0.7484519481658936,65,9.73573747054316e-5,4.354289195873662e-8,0,0,0,0,0,0,0,0,0,0,0,0,0,0,0,0,0,0,0,0,0,0,0,0,0,0,0,,4296,0.00012577043774596058,260
42,GROW15,645,300,0,first_order,-1.0687094127041908e8,0.01968097686767578,14,1.602141245272947e-13,1.2295677151996642e-6,0,0,0,0,0,0,0,0,0,0,0,0,0,0,0,0,0,0,0,0,0,0,0,0,0,0,0,,645,1.609719614137768e-9,56
43,GROW22,946,440,0,first_order,-1.6083433647556227e8,0.02928900718688965,15,5.803190648567983e-14,1.0459480108693242e-6,0,0,0,0,0,0,0,0,0,0,0,0,0,0,0,0,0,0,0,0,0,0,0,0,0,0,0,,946,1.0307373044897642e-9,60
44,GROW7,301,140,0,first_order,-4.7787811813748986e7,0.009983062744140625,14,3.552713678800501e-14,1.4879333321005106e-8,0,0,0,0,0,0,0,0,0,0,0,0,0,0,0,0,0,0,0,0,0,0,0,0,0,0,0,,301,5.7715721164788454e-11,56
45,ISRAEL,142,174,0,first_order,-896644.8192159183,0.012992143630981445,23,2.9672128884895496e-10,5.042573025804131e-10,0,0,0,0,0,0,0,0,0,0,0,0,0,0,0,0,0,0,0,0,0,0,0,0,0,0,0,,305,3.4846717331891483e-9,92
46,KB2,41,43,0,first_order,-1749.9001298710089,0.002743959426879883,18,4.385809086499279e-9,1.3224195072325529e-9,0,0,0,0,0,0,0,0,0,0,0,0,0,0,0,0,0,0,0,0,0,0,0,0,0,0,0,,68,4.9095386792892997e-11,72
47,KEN-07,3602,2426,0,first_order,-6.795204423316419e8,0.03994894027709961,16,5.182364200967404e-9,1.3989662761559885e-9,0,0,0,0,0,0,0,0,0,0,0,0,0,0,0,0,0,0,0,0,0,0,0,0,0,0,0,,2613,4.458226282845954e-9,64
48,KEN-11,21349,14694,0,first_order,-6.9723822616342325e9,0.552056074142456,26,1.4836299225554617e-8,9.641318854392011e-10,0,0,0,0,0,0,0,0,0,0,0,0,0,0,0,0,0,0,0,0,0,0,0,0,0,0,0,,16740,1.1162535692167306e-9,104
49,KEN-13,42659,28632,0,first_order,-1.0257394787431976e10,1.712759017944336,30,1.0592322908604245e-10,2.3196626841581747e-8,0,0,0,0,0,0,0,0,0,0,0,0,0,0,0,0,0,0,0,0,0,0,0,0,0,0,0,,36561,7.288251450254953e-10,120
50,KEN-18,154699,105127,0,first_order,-5.221702528663773e10,25.34707498550415,42,3.147506511203208e-9,2.0950355974491686e-6,0,0,0,0,0,0,0,0,0,0,0,0,0,0,0,0,0,0,0,0,0,0,0,0,0,0,0,,128434,5.1296355471525716e-11,168
51,LOTFI,308,153,0,first_order,-25.264706061701872,0.011078119277954102,21,1.3322676295501878e-15,4.1953285290219355e-10,0,0,0,0,0,0,0,0,0,0,0,0,0,0,0,0,0,0,0,0,0,0,0,0,0,0,0,,347,1.5640772134081263e-11,84
52,MAROS-R7,9408,3136,0,first_order,1.4971851700776024e6,9.149513006210327,17,2.5401296743673585e-12,1.8269474821863696e-10,0,0,0,0,0,0,0,0,0,0,0,0,0,0,0,0,0,0,0,0,0,0,0,0,0,0,0,,9408,5.818102751047267e-9,68
53,MAROS,1443,846,0,first_order,-58063.74365099234,0.07542109489440918,25,3.2791285512542357e-7,1.2638478708026923e-8,0,0,0,0,0,0,0,0,0,0,0,0,0,0,0,0,0,0,0,0,0,0,0,0,0,0,0,,1484,1.454044364945251e-9,100
54,MODSZK1,1620,687,0,first_order,320.6197290683958,0.03295397758483887,27,4.547473508864641e-13,5.820766091346741e-11,0,0,0,0,0,0,0,0,0,0,0,0,0,0,0,0,0,0,0,0,0,0,0,0,0,0,0,,1617,1.4715038296481998e-10,108
55,NESM,2923,662,0,first_order,1.4076036518162128e7,0.13609695434570312,37,1.1492447267883528e-11,1.516848868732268e-8,0,0,0,0,0,0,0,0,0,0,0,0,0,0,0,0,0,0,0,0,0,0,0,0,0,0,0,,2914,5.449456095636939e-9,148
56,OSA-07,23949,1118,0,first_order,535722.5173458849,0.8189451694488525,20,6.366462912410498e-12,1.9941808204748668e-9,0,0,0,0,0,0,0,0,0,0,0,0,0,0,0,0,0,0,0,0,0,0,0,0,0,0,0,,25067,8.78548321726733e-11,80
57,OSA-14,52460,2337,0,first_order,1.106462847685628e6,3.2531960010528564,31,2.8819613362429664e-11,2.6541044917394174e-9,0,0,0,0,0,0,0,0,0,0,0,0,0,0,0,0,0,0,0,0,0,0,0,0,0,0,0,,54797,2.7972848698827824e-9,124
58,OSA-30,100024,4350,0,first_order,2.1421398742531594e6,8.560887098312378,42,6.238660799584376e-11,6.0265961110417265e-9,0,0,0,0,0,0,0,0,0,0,0,0,0,0,0,0,0,0,0,0,0,0,0,0,0,0,0,,104374,2.119567302979361e-9,168
59,OSA-60,232966,10280,0,first_order,4.04407251643706e6,18.4859459400177,30,4.3655745685100555e-11,1.9736006606763112e-8,0,0,0,0,0,0,0,0,0,0,0,0,0,0,0,0,0,0,0,0,0,0,0,0,0,0,0,,243246,7.263813483655197e-9,120
60,PDS-02,7535,2953,0,first_order,2.8857862014872543e10,0.30080103874206543,38,9.807729788903485e-9,5.212496034801006e-8,0,0,0,0,0,0,0,0,0,0,0,0,0,0,0,0,0,0,0,0,0,0,0,0,0,0,0,,7339,2.9838443479242183e-10,152
61,PDS-06,28655,9881,0,first_order,2.7761037613967915e10,10.864674091339111,44,4.3632373433809095e-8,1.3809767551720142e-8,0,0,0,0,0,0,0,0,0,0,0,0,0,0,0,0,0,0,0,0,0,0,0,0,0,0,0,,28472,6.673962053309128e-9,176
62,PDS-10,48763,16558,0,first_order,2.6727095029730682e10,64.07650709152222,51,2.6418308176701447e-8,5.048059392720461e-8,0,0,0,0,0,0,0,0,0,0,0,0,0,0,0,0,0,0,0,0,0,0,0,0,0,0,0,,48780,2.360510346449767e-9,204
63,PDS-20,105728,33874,0,first_order,2.3821658647600586e10,749.5650269985199,64,2.3226150413211723e-9,7.864582585170865e-8,0,0,0,0,0,0,0,0,0,0,0,0,0,0,0,0,0,0,0,0,0,0,0,0,0,0,0,,106180,5.522031967283549e-10,256
64,PEROLD,1376,625,0,first_order,-9380.755342676912,0.18690800666809082,40,5.142433145977066e-10,1.5274996945768912e-5,0,0,0,0,0,0,0,0,0,0,0,0,0,0,0,0,0,0,0,0,0,0,0,0,0,0,0,,1398,4.5494830663152095e-9,160
65,PILOT-JA,1988,940,0,max_iter,-6113.083657102512,6.366605997085571,800,2.8102192664577553e-6,1.0e-5,0,0,0,0,0,0,0,0,0,0,0,0,0,0,0,0,0,0,0,0,0,0,0,0,0,0,0,,1851,0.002602335951346897,3200
66,PILOT-WE,2789,722,0,max_iter,-2.720107594143742e6,1.947415828704834,800,20501.140441662363,1.634710734730209e-5,0,0,0,0,0,0,0,0,0,0,0,0,0,0,0,0,0,0,0,0,0,0,0,0,0,0,0,,2819,0.8242047676878345,3200
67,PILOT,3652,1441,0,first_order,-557.4897136598755,2.5626461505889893,48,4.083841615275567e-9,3.5381738205941815e-8,0,0,0,0,0,0,0,0,0,0,0,0,0,0,0,0,0,0,0,0,0,0,0,0,0,0,0,,4570,5.365040530206544e-9,192
68,PILOT4,1000,410,0,first_order,-2581.139253022844,0.054718971252441406,34,9.606492212841863e-10,5.8977897762886534e-8,0,0,0,0,0,0,0,0,0,0,0,0,0,0,0,0,0,0,0,0,0,0,0,0,0,0,0,,1074,4.140341682608279e-9,136
69,PILOT87,4883,2030,0,first_order,301.71034735216716,10.90432095527649,48,2.379145455127849e-9,9.313225746154785e-9,0,0,0,0,0,0,0,0,0,0,0,0,0,0,0,0,0,0,0,0,0,0,0,0,0,0,0,,6404,8.235566514157751e-9,192
70,PILOTNOV,2172,975,0,first_order,-4497.276188218855,0.6274409294128418,87,2.120741002949114e-10,9.969095169994702e-6,0,0,0,0,0,0,0,0,0,0,0,0,0,0,0,0,0,0,0,0,0,0,0,0,0,0,0,,2177,1.0906456648844817e-9,348
71,QAP12,8856,3192,0,first_order,522.8943507903059,51.07877206802368,18,2.1154133804915992e-10,7.401117873784472e-12,0,0,0,0,0,0,0,0,0,0,0,0,0,0,0,0,0,0,0,0,0,0,0,0,0,0,0,,8856,1.0149891943149407e-9,72
72,QAP15,22275,6330,0,first_order,1040.9940466915477,440.0656340122223,22,1.5990041560055765e-10,1.4777334184859356e-11,0,0,0,0,0,0,0,0,0,0,0,0,0,0,0,0,0,0,0,0,0,0,0,0,0,0,0,,22275,8.146479616683707e-9,88
73,QAP8,1632,912,0,first_order,203.5000000160054,0.6647770404815674,9,6.493954008611199e-14,7.321269464962005e-13,0,0,0,0,0,0,0,0,0,0,0,0,0,0,0,0,0,0,0,0,0,0,0,0,0,0,0,,1632,9.399969636489465e-11,36
74,RECIPELP,180,91,0,first_order,-266.6159998026944,0.004037141799926758,10,2.3917038725526086e-10,6.150457920739427e-11,0,0,0,0,0,0,0,0,0,0,0,0,0,0,0,0,0,0,0,0,0,0,0,0,0,0,0,,161,2.539772690734977e-9,40
75,SC105,103,105,0,first_order,-52.20206119057297,0.003242969512939453,11,4.499898242928879e-11,8.555424435303244e-13,0,0,0,0,0,0,0,0,0,0,0,0,0,0,0,0,0,0,0,0,0,0,0,0,0,0,0,,162,8.581375630986775e-10,44
76,SC205,203,205,0,first_order,-52.20206115182962,0.0059130191802978516,15,1.4749936146653973e-10,9.507811205011762e-12,0,0,0,0,0,0,0,0,0,0,0,0,0,0,0,0,0,0,0,0,0,0,0,0,0,0,0,,315,3.573383317327099e-9,60
77,SC50A,48,50,0,first_order,-64.57507703901055,0.001766204833984375,9,6.90307328451035e-12,2.0463630789890885e-12,0,0,0,0,0,0,0,0,0,0,0,0,0,0,0,0,0,0,0,0,0,0,0,0,0,0,0,,77,3.973814072390858e-10,36
78,SC50B,48,50,0,first_order,-69.99999999923035,0.002805948257446289,9,1.1000767596358793e-10,1.1368683772161603e-13,0,0,0,0,0,0,0,0,0,0,0,0,0,0,0,0,0,0,0,0,0,0,0,0,0,0,0,,76,1.3204854299354164e-9,36
79,SCAGR25,500,471,0,first_order,-1.4753433059793793e7,0.010526895523071289,17,2.629100419507793e-9,2.1491359802894294e-9,0,0,0,0,0,0,0,0,0,0,0,0,0,0,0,0,0,0,0,0,0,0,0,0,0,0,0,,547,1.5045369284241805e-10,68
80,SCAGR7,140,129,0,first_order,-2.331389821590688e6,0.003592967987060547,13,1.1534292923987693e-9,1.8189894035458565e-11,0,0,0,0,0,0,0,0,0,0,0,0,0,0,0,0,0,0,0,0,0,0,0,0,0,0,0,,151,3.970650547026845e-9,52
81,SCFXM1,457,330,0,first_order,18416.75902847593,0.020908117294311523,23,3.2014876860664288e-12,2.184361025392434e-11,0,0,0,0,0,0,0,0,0,0,0,0,0,0,0,0,0,0,0,0,0,0,0,0,0,0,0,,546,1.1735983215393418e-11,92
82,SCFXM2,914,660,0,first_order,36660.26156579246,0.04218721389770508,25,1.113065195568197e-11,4.610268321197129e-11,0,0,0,0,0,0,0,0,0,0,0,0,0,0,0,0,0,0,0,0,0,0,0,0,0,0,0,,1092,3.067744600759153e-11,100
83,SCFXM3,1371,990,0,first_order,54901.25460727782,0.06002998352050781,25,5.775762923487804e-10,2.4824992339578245e-9,0,0,0,0,0,0,0,0,0,0,0,0,0,0,0,0,0,0,0,0,0,0,0,0,0,0,0,,1638,1.3185528052307819e-9,100
84,SCORPION,358,388,0,first_order,1878.1248229795265,0.0070149898529052734,12,1.4299460515179165e-12,5.458155185967832e-12,0,0,0,0,0,0,0,0,0,0,0,0,0,0,0,0,0,0,0,0,0,0,0,0,0,0,0,,361,1.4357494165301983e-10,48
85,SCRS8,1169,490,0,first_order,904.2969538472437,0.027825117111206055,19,2.118865063111398e-12,3.0774555415865686e-12,0,0,0,0,0,0,0,0,0,0,0,0,0,0,0,0,0,0,0,0,0,0,0,0,0,0,0,,1230,8.064873201726699e-11,76
86,SCSD1,760,77,0,first_order,8.666666676288056,0.007493019104003906,8,2.374425859923758e-13,1.5646630226214382e-13,0,0,0,0,0,0,0,0,0,0,0,0,0,0,0,0,0,0,0,0,0,0,0,0,0,0,0,,760,2.1963525229535689e-10,32
87,SCSD6,1350,147,0,first_order,50.50000013097403,0.03625798225402832,10,1.3322676295501878e-14,1.8120921430053727e-13,0,0,0,0,0,0,0,0,0,0,0,0,0,0,0,0,0,0,0,0,0,0,0,0,0,0,0,,1350,1.6442982597088518e-9,40
88,SCSD8,2750,397,0,first_order,905.0000001323783,0.024463176727294922,10,1.3656999489565877e-12,1.9883501229077898e-13,0,0,0,0,0,0,0,0,0,0,0,0,0,0,0,0,0,0,0,0,0,0,0,0,0,0,0,,2750,6.28722971067225e-10,40
89,SCTAP1,480,300,0,first_order,1412.250000132053,0.010009050369262695,15,6.376607514311638e-14,1.1795009413617663e-12,0,0,0,0,0,0,0,0,0,0,0,0,0,0,0,0,0,0,0,0,0,0,0,0,0,0,0,,660,6.836993285874805e-10,60
90,SCTAP2,1880,1090,0,first_order,1724.8071428742064,0.038336992263793945,14,3.552713678800501e-14,1.0913190576661064e-12,0,0,0,0,0,0,0,0,0,0,0,0,0,0,0,0,0,0,0,0,0,0,0,0,0,0,0,,2500,1.1139393146043164e-11,56
91,SCTAP3,2480,1480,0,first_order,1424.000000427448,0.05293917655944824,15,3.00822089126964e-13,1.0583987725669769e-11,0,0,0,0,0,0,0,0,0,0,0,0,0,0,0,0,0,0,0,0,0,0,0,0,0,0,0,,3340,3.822128506345977e-9,60
92,SEBA,1028,515,0,first_order,15711.600000138404,0.01816082000732422,20,1.9184653865522705e-13,6.539684510899274e-12,0,0,0,0,0,0,0,0,0,0,0,0,0,0,0,0,0,0,0,0,0,0,0,0,0,0,0,,904,2.5959201269600377e-11,80
93,SHARE1B,225,117,0,first_order,-76589.31857832207,0.008016109466552734,24,2.0066239217080286e-7,5.85052930546226e-8,0,0,0,0,0,0,0,0,0,0,0,0,0,0,0,0,0,0,0,0,0,0,0,0,0,0,0,,246,2.0730626544000246e-10,96
94,SHARE2B,79,96,0,first_order,-415.73224072418816,0.003771066665649414,13,1.4083332056970266e-9,3.574029960873304e-12,0,0,0,0,0,0,0,0,0,0,0,0,0,0,0,0,0,0,0,0,0,0,0,0,0,0,0,,159,1.409815056378419e-10,52
95,SHELL,1775,536,0,first_order,1.2088253498492508e9,0.028944969177246094,24,1.597690905537851e-8,7.139337565575943e-8,0,0,0,0,0,0,0,0,0,0,0,0,0,0,0,0,0,0,0,0,0,0,0,0,0,0,0,,1478,3.85027398098419e-9,96
96,SHIP04L,2118,402,0,first_order,1.7933245384223468e6,0.024015188217163086,14,1.864464138634503e-11,1.2691163675526695e-9,0,0,0,0,0,0,0,0,0,0,0,0,0,0,0,0,0,0,0,0,0,0,0,0,0,0,0,,1963,2.895557654847973e-10,56
97,SHIP04S,1458,402,0,first_order,1.7987147007582295e6,0.017843008041381836,16,1.7053025658242404e-12,3.56225315911729e-9,0,0,0,0,0,0,0,0,0,0,0,0,0,0,0,0,0,0,0,0,0,0,0,0,0,0,0,,1339,2.0436286386967038e-10,64
98,SHIP08L,4283,778,0,first_order,1.9090552136135036e6,0.04922604560852051,20,1.8189894035458565e-12,2.2494894835745072e-10,0,0,0,0,0,0,0,0,0,0,0,0,0,0,0,0,0,0,0,0,0,0,0,0,0,0,0,,3229,1.171859689539332e-9,80
99,SHIP08S,2387,778,0,first_order,1.9200982184293275e6,0.024803876876831055,18,1.1191136350952036e-9,2.3707277030382556e-8,0,0,0,0,0,0,0,0,0,0,0,0,0,0,0,0,0,0,0,0,0,0,0,0,0,0,0,,1712,6.34923930625992e-9,72
100,SHIP12L,5427,1151,0,first_order,1.47018791934592e6,0.0543971061706543,17,1.0516032489249483e-12,1.0147771511981318e-11,0,0,0,0,0,0,0,0,0,0,0,0,0,0,0,0,0,0,0,0,0,0,0,0,0,0,0,,4330,1.257630691575815e-11,68
101,SHIP12S,2763,1151,0,first_order,1.4892361344110125e6,0.025766849517822266,15,1.586490691309155e-11,1.3411619037562161e-11,0,0,0,0,0,0,0,0,0,0,0,0,0,0,0,0,0,0,0,0,0,0,0,0,0,0,0,,2102,2.6093360618861985e-11,60
102,SIERRA,2036,1227,0,first_order,1.5394362185497437e7,0.057392120361328125,22,8.627415659403117e-11,4.328370156197431e-9,0,0,0,0,0,0,0,0,0,0,0,0,0,0,0,0,0,0,0,0,0,0,0,0,0,0,0,,2705,2.4717538344966268e-9,88
103,STAIR,467,356,0,first_order,-251.26695118724336,0.024376869201660156,19,2.267091559051279e-11,3.6614942189316935e-9,0,0,0,0,0,0,0,0,0,0,0,0,0,0,0,0,0,0,0,0,0,0,0,0,0,0,0,,532,4.942111331997794e-10,76
104,STANDATA,1075,359,0,first_order,1257.6995002470462,0.013109922409057617,12,7.65965069149388e-12,2.5631149070087534e-13,0,0,0,0,0,0,0,0,0,0,0,0,0,0,0,0,0,0,0,0,0,0,0,0,0,0,0,,1179,2.498181413793763e-10,48
105,STANDGUB,1184,361,0,first_order,1257.6995002470462,0.013989925384521484,12,7.65965069149388e-12,2.5631149070087534e-13,0,0,0,0,0,0,0,0,0,0,0,0,0,0,0,0,0,0,0,0,0,0,0,0,0,0,0,,1179,2.498181413793763e-10,48
106,STANDMPS,1075,467,0,first_order,1406.017503378528,0.02135300636291504,20,1.3741896509600338e-11,1.4325555928583692e-11,0,0,0,0,0,0,0,0,0,0,0,0,0,0,0,0,0,0,0,0,0,0,0,0,0,0,0,,1179,2.9873494439590403e-9,80
107,STOCFOR1,111,117,0,first_order,-41131.97621896945,0.003966093063354492,13,1.2217622968753474e-12,6.945684305481592e-11,0,0,0,0,0,0,0,0,0,0,0,0,0,0,0,0,0,0,0,0,0,0,0,0,0,0,0,,146,2.7227058453743954e-11,52
108,STOCFOR2,2031,2157,0,first_order,-39024.40842649879,0.0630030632019043,19,9.418790336598028e-10,3.612512955442071e-9,0,0,0,0,0,0,0,0,0,0,0,0,0,0,0,0,0,0,0,0,0,0,0,0,0,0,0,,3017,4.109576514045764e-9,76
109,STOCFOR3,15695,16675,0,first_order,-39976.78391550826,0.9077808856964111,37,2.6766655066621596e-9,6.311893230304122e-10,0,0,0,0,0,0,0,0,0,0,0,0,0,0,0,0,0,0,0,0,0,0,0,0,0,0,0,,23483,1.619545409580752e-9,148
110,TRUSS,8806,1000,0,first_order,458815.84772005444,0.19370794296264648,17,5.872759276402509e-10,4.865333804591187e-11,0,0,0,0,0,0,0,0,0,0,0,0,0,0,0,0,0,0,0,0,0,0,0,0,0,0,0,,8806,2.3105173532626712e-9,68
111,TUFF,587,333,0,first_order,0.29214776511661805,0.03323507308959961,25,1.6189838087573852e-12,2.2737367544323206e-12,0,0,0,0,0,0,0,0,0,0,0,0,0,0,0,0,0,0,0,0,0,0,0,0,0,0,0,,594,1.0852270765194506e-9,100
112,VTP-BASE,203,198,0,first_order,129831.4624622814,0.0028200149536132812,14,2.236067261190364e-12,8.185452315956354e-11,0,0,0,0,0,0,0,0,0,0,0,0,0,0,0,0,0,0,0,0,0,0,0,0,0,0,0,,127,1.5977773848872868e-11,56
113,WOOD1P,2594,244,0,first_order,1.4429024116621265,0.16813898086547852,16,4.263256414560601e-14,3.4951164911136367e-10,0,0,0,0,0,0,0,0,0,0,0,0,0,0,0,0,0,0,0,0,0,0,0,0,0,0,0,,1802,3.949288770453147e-11,64
114,WOODW,8405,1098,0,first_order,1.3044763331633473,0.2018589973449707,27,3.229796421605248e-14,9.179359494737582e-10,0,0,0,0,0,0,0,0,0,0,0,0,0,0,0,0,0,0,0,0,0,0,0,0,0,0,0,,5367,3.5351752672046064e-11,108
