id,name,nvar,ncon,nequ,status,objective,elapsed_time,iter,dual_feas,primal_feas,neval_obj,neval_grad,neval_cons,neval_cons_lin,neval_cons_nln,neval_jcon,neval_jgrad,neval_jac,neval_jac_lin,neval_jac_nln,neval_jprod,neval_jprod_lin,neval_jprod_nln,neval_jtprod,neval_jtprod_lin,neval_jtprod_nln,neval_hess,neval_hprod,neval_jhess,neval_jhprod,neval_residual,neval_jac_residual,neval_jprod_residual,neval_jtprod_residual,neval_hess_residual,neval_jhess_residual,neval_hprod_residual,extrainfo,iters_sp,pdd,iters_sp3,iters_sp2,relative_iter_cnt
1,25FV47,1571,821,0,first_order,5501.845890758634,0.4668159484863281,28,1.4210854715202004e-14,1.3269449634413763e-10,0,0,0,0,0,0,0,0,0,0,0,0,0,0,0,0,0,0,0,0,0,0,0,0,0,0,0,,28,5.254380509887148e-10,0,0,112
2,80BAU3B,9799,2262,0,first_order,987224.19327585,2.7226431369781494,48,7.275957614183426e-12,3.725290298461914e-9,0,0,0,0,0,0,0,0,0,0,0,0,0,0,0,0,0,0,0,0,0,0,0,0,0,0,0,,48,1.3259790117043332e-9,0,0,192
3,ADLITTLE,97,56,0,first_order,225494.96317108942,0.006922006607055664,14,9.814667931455287e-13,9.044545806164934e-13,0,0,0,0,0,0,0,0,0,0,0,0,0,0,0,0,0,0,0,0,0,0,0,0,0,0,0,,14,6.198517001630722e-11,0,0,56
4,AFIRO,32,27,0,first_order,-464.7531428325103,0.0021409988403320312,10,1.7763568394002505e-15,7.529032834662651e-14,0,0,0,0,0,0,0,0,0,0,0,0,0,0,0,0,0,0,0,0,0,0,0,0,0,0,0,,10,7.390009544898875e-11,0,0,40
5,AGG,163,488,0,first_order,-3.599176727995503e7,0.033711910247802734,22,1.4682952761020839e-12,1.1775682651204988e-9,0,0,0,0,0,0,0,0,0,0,0,0,0,0,0,0,0,0,0,0,0,0,0,0,0,0,0,,22,4.098532976891888e-10,0,0,88
6,AGG2,302,516,0,first_order,-2.0239252351806525e7,0.08892011642456055,22,5.4569682106375694e-12,2.3283064365386963e-10,0,0,0,0,0,0,0,0,0,0,0,0,0,0,0,0,0,0,0,0,0,0,0,0,0,0,0,,22,7.977773402279987e-10,0,0,88
7,AGG3,302,516,0,first_order,1.031211593543855e7,0.23178791999816895,22,1.8189894035458565e-12,4.656612873077393e-10,0,0,0,0,0,0,0,0,0,0,0,0,0,0,0,0,0,0,0,0,0,0,0,0,0,0,0,,22,1.1940355663663827e-10,0,0,88
8,BANDM,472,305,0,first_order,-158.62801839690096,0.35703206062316895,17,7.105427357601002e-15,2.0161650127192843e-13,0,0,0,0,0,0,0,0,0,0,0,0,0,0,0,0,0,0,0,0,0,0,0,0,0,0,0,,17,8.479172011132858e-10,0,0,68
9,BEACONFD,262,173,0,first_order,33592.485812219136,0.011582136154174805,12,1.1962830180864717e-13,8.731149137020111e-11,0,0,0,0,0,0,0,0,0,0,0,0,0,0,0,0,0,0,0,0,0,0,0,0,0,0,0,,12,2.9894065338058853e-10,0,0,48
10,BLEND,83,74,0,first_order,-30.8121498454095,0.004662036895751953,14,4.115413031176375e-12,1.4434066024957774e-14,0,0,0,0,0,0,0,0,0,0,0,0,0,0,0,0,0,0,0,0,0,0,0,0,0,0,0,,14,4.5432016284257e-11,0,0,56
11,BNL1,1175,643,0,first_order,1977.6295618266158,0.13347101211547852,36,3.694822225952521e-13,2.0685471625793862e-10,0,0,0,0,0,0,0,0,0,0,0,0,0,0,0,0,0,0,0,0,0,0,0,0,0,0,0,,36,2.859386373088857e-10,0,0,144
12,BNL2,3489,2324,0,first_order,1811.236549562874,1.7330710887908936,44,2.842170943040401e-14,1.862645149230957e-9,0,0,0,0,0,0,0,0,0,0,0,0,0,0,0,0,0,0,0,0,0,0,0,0,0,0,0,,44,5.732187541901688e-9,0,0,176
13,BOEING1,384,351,0,first_order,-335.21356747211956,0.04578518867492676,26,3.7192471324942744e-13,3.637978807091713e-12,0,0,0,0,0,0,0,0,0,0,0,0,0,0,0,0,0,0,0,0,0,0,0,0,0,0,0,,26,2.2094087810414436e-10,0,0,104
14,BOEING2,143,166,0,first_order,-315.01872800565275,0.014338016510009766,22,2.926204502529479e-14,3.637978807091713e-12,0,0,0,0,0,0,0,0,0,0,0,0,0,0,0,0,0,0,0,0,0,0,0,0,0,0,0,,22,1.7905677063148272e-10,0,0,88
15,BORE3D,315,233,0,first_order,1373.0803955185206,0.009650945663452148,18,1.1368683772161603e-12,2.2353958684107056e-9,0,0,0,0,0,0,0,0,0,0,0,0,0,0,0,0,0,0,0,0,0,0,0,0,0,0,0,,18,1.0112420123960312e-9,0,0,72
16,BRANDY,249,220,0,first_order,1518.5098988314737,0.015250205993652344,19,2.461586490198897e-12,4.487610283376853e-11,0,0,0,0,0,0,0,0,0,0,0,0,0,0,0,0,0,0,0,0,0,0,0,0,0,0,0,,19,4.026824556469302e-9,0,0,76
17,CAPRI,353,271,0,first_order,2690.0129137972444,0.02534008026123047,24,1.0063498289583375e-13,1.8189894035458565e-12,0,0,0,0,0,0,0,0,0,0,0,0,0,0,0,0,0,0,0,0,0,0,0,0,0,0,0,,24,9.105076415504326e-11,0,0,96
18,CRE-A,4067,3516,0,first_order,2.3595407111488845e7,0.3746809959411621,29,7.185008144006133e-11,2.610015383596522e-9,0,0,0,0,0,0,0,0,0,0,0,0,0,0,0,0,0,0,0,0,0,0,0,0,0,0,0,,29,2.2076351580418372e-9,0,0,116
19,CRE-B,72447,9648,0,first_order,2.3129639887639545e7,10.887097835540771,47,1.0186938965983661e-10,3.1511695998942055e-11,0,0,0,0,0,0,0,0,0,0,0,0,0,0,0,0,0,0,0,0,0,0,0,0,0,0,0,,47,3.648860120685491e-11,0,0,188
20,CRE-C,3678,3068,0,first_order,2.527511630226909e7,0.3502528667449951,29,6.45741238258779e-11,5.854468487437363e-9,0,0,0,0,0,0,0,0,0,0,0,0,0,0,0,0,0,0,0,0,0,0,0,0,0,0,0,,29,7.086246154495923e-9,0,0,116
21,CRE-D,69980,8926,0,first_order,2.4454969828035433e7,7.1262640953063965,47,1.5188561519607902e-10,2.872944388798087e-9,0,0,0,0,0,0,0,0,0,0,0,0,0,0,0,0,0,0,0,0,0,0,0,0,0,0,0,,47,2.6560291277446602e-9,0,0,188
22,CYCLE,2857,1903,0,first_order,-5.226393024507777,1.2612249851226807,25,8.881784197001252e-16,8.731149137020111e-11,0,0,0,0,0,0,0,0,0,0,0,0,0,0,0,0,0,0,0,0,0,0,0,0,0,0,0,,25,7.831410439208746e-11,0,0,100
23,CZPROB,3523,929,0,first_order,2.185196700079317e6,0.1210639476776123,36,9.094947017729282e-13,1.6167912697670137e-8,0,0,0,0,0,0,0,0,0,0,0,0,0,0,0,0,0,0,0,0,0,0,0,0,0,0,0,,36,7.2727517540972e-10,0,0,144
24,D2Q06C,5167,2171,0,first_order,122784.21081483488,2.5099899768829346,36,9.313225746154785e-10,3.64709277577311e-11,0,0,0,0,0,0,0,0,0,0,0,0,0,0,0,0,0,0,0,0,0,0,0,0,0,0,0,,36,2.5759399733983484e-11,0,0,144
25,D6CUBE,6184,415,0,first_order,315.4916666780831,0.9442298412322998,23,3.552713678800501e-15,2.7966962079517543e-11,0,0,0,0,0,0,0,0,0,0,0,0,0,0,0,0,0,0,0,0,0,0,0,0,0,0,0,,23,3.8177871475701815e-11,0,0,92
26,DEGEN2,534,444,0,first_order,-1435.1779999493153,0.06089591979980469,14,3.410605131648481e-13,2.0831336655646737e-11,0,0,0,0,0,0,0,0,0,0,0,0,0,0,0,0,0,0,0,0,0,0,0,0,0,0,0,,14,8.085156223151077e-11,0,0,56
27,DEGEN3,1818,1503,0,first_order,-987.2939998473339,0.9123880863189697,18,4.317102231254921e-13,1.4637180356658064e-12,0,0,0,0,0,0,0,0,0,0,0,0,0,0,0,0,0,0,0,0,0,0,0,0,0,0,0,,18,1.7050345382215327e-10,0,0,72
28,DFL001,12230,6071,0,first_order,1.1266396053284535e7,23.82152009010315,43,7.450580596923828e-9,4.630817951323252e-11,0,0,0,0,0,0,0,0,0,0,0,0,0,0,0,0,0,0,0,0,0,0,0,0,0,0,0,,43,1.1427708917981482e-9,0,0,172
29,E226,282,223,0,first_order,-11.638929049010887,0.03652620315551758,22,1.3322676295501878e-14,9.094947017729282e-13,0,0,0,0,0,0,0,0,0,0,0,0,0,0,0,0,0,0,0,0,0,0,0,0,0,0,0,,22,1.8932857316314657e-9,0,0,88
30,ETAMACRO,688,400,0,first_order,-755.7152312189702,0.10798192024230957,31,4.2554742424542935e-12,9.363328859920953e-13,0,0,0,0,0,0,0,0,0,0,0,0,0,0,0,0,0,0,0,0,0,0,0,0,0,0,0,,31,3.824063993714496e-9,0,0,124
31,FFFFF800,854,524,0,first_order,555679.5648312602,0.13088512420654297,35,3.2741809263825417e-11,5.820766091346741e-11,0,0,0,0,0,0,0,0,0,0,0,0,0,0,0,0,0,0,0,0,0,0,0,0,0,0,0,,35,4.144191018007685e-11,0,0,140
32,FINNIS,614,497,0,first_order,172791.06612503628,0.0687100887298584,36,4.547473508864641e-13,1.0854819265659899e-9,0,0,0,0,0,0,0,0,0,0,0,0,0,0,0,0,0,0,0,0,0,0,0,0,0,0,0,,36,4.2184483009825565e-9,0,0,144
33,FIT1D,1026,24,0,first_order,-9146.378090327646,0.0643930435180664,20,5.840994518448575e-13,7.09405867382884e-11,0,0,0,0,0,0,0,0,0,0,0,0,0,0,0,0,0,0,0,0,0,0,0,0,0,0,0,,20,4.514719287118364e-10,0,0,80
34,FIT1P,1677,627,0,first_order,9146.378094739342,0.04276609420776367,13,3.5474716010423965e-11,6.976108579692664e-11,0,0,0,0,0,0,0,0,0,0,0,0,0,0,0,0,0,0,0,0,0,0,0,0,0,0,0,,13,2.6020793821617146e-10,0,0,52
35,FIT2D,10500,25,0,first_order,-68464.2932931623,1.132828950881958,24,2.8309834196313713e-13,6.622047972368283e-10,0,0,0,0,0,0,0,0,0,0,0,0,0,0,0,0,0,0,0,0,0,0,0,0,0,0,0,,24,2.0145809163476917e-11,0,0,96
36,FIT2P,13525,3000,0,first_order,68464.29334071164,0.7921590805053711,18,2.960950536677349e-10,7.291361329393016e-10,0,0,0,0,0,0,0,0,0,0,0,0,0,0,0,0,0,0,0,0,0,0,0,0,0,0,0,,18,9.715022938512248e-9,0,0,72
37,FORPLAN,421,161,0,first_order,-664.2189581280231,0.04131793975830078,26,2.3283064365386963e-10,9.313225746154785e-10,0,0,0,0,0,0,0,0,0,0,0,0,0,0,0,0,0,0,0,0,0,0,0,0,0,0,0,,26,8.979804836476634e-9,0,0,104
38,GANGES,1681,1309,0,first_order,-109585.73608677191,0.1275320053100586,26,1.513458922351512e-13,4.432415323663008e-9,0,0,0,0,0,0,0,0,0,0,0,0,0,0,0,0,0,0,0,0,0,0,0,0,0,0,0,,26,2.153544697128482e-9,0,0,104
39,GFRD-PNC,1092,616,0,first_order,6.902236030916545e6,0.036837100982666016,22,4.069988790433854e-11,2.6420821086503565e-10,0,0,0,0,0,0,0,0,0,0,0,0,0,0,0,0,0,0,0,0,0,0,0,0,0,0,0,,22,5.247127997895904e-9,0,0,88
40,GREENBEA,5405,2392,0,first_order,-7.255524812953007e7,1.8409230709075928,46,1.314497768099398e-9,3.026660507479309e-8,0,0,0,0,0,0,0,0,0,0,0,0,0,0,0,0,0,0,0,0,0,0,0,0,0,0,0,,46,8.464906259562498e-9,0,0,184
41,GREENBEB,5405,2392,0,first_order,-4.3022602600168865e6,1.663316011428833,43,1.3501954233347468e-10,4.851204156356532e-9,0,0,0,0,0,0,0,0,0,0,0,0,0,0,0,0,0,0,0,0,0,0,0,0,0,0,0,,43,3.0381698799872473e-10,0,0,172
42,GROW15,645,300,0,first_order,-1.0687094127041166e8,0.16179299354553223,14,7.979062052190181e-13,5.093170329928398e-10,0,0,0,0,0,0,0,0,0,0,0,0,0,0,0,0,0,0,0,0,0,0,0,0,0,0,0,,14,1.60978835380006e-9,0,0,56
43,GROW22,946,440,0,first_order,-1.6083433647556442e8,0.5396728515625,15,8.526512829121202e-14,4.802132025361061e-10,0,0,0,0,0,0,0,0,0,0,0,0,0,0,0,0,0,0,0,0,0,0,0,0,0,0,0,,15,1.0307241483135088e-9,0,0,60
44,GROW7,301,140,0,first_order,-4.778781181374887e7,0.035369157791137695,14,4.553867891873571e-14,3.055902197957039e-10,0,0,0,0,0,0,0,0,0,0,0,0,0,0,0,0,0,0,0,0,0,0,0,0,0,0,0,,14,5.772164573103285e-11,0,0,56
45,ISRAEL,142,174,0,first_order,-896644.8192159071,0.023268938064575195,23,2.2534459846257666e-12,5.042601891602772e-10,0,0,0,0,0,0,0,0,0,0,0,0,0,0,0,0,0,0,0,0,0,0,0,0,0,0,0,,23,3.4846914679925427e-9,0,0,92
46,KB2,41,43,0,first_order,-1749.900129870432,0.005300998687744141,18,4.283166830061362e-15,1.879123478914661e-12,0,0,0,0,0,0,0,0,0,0,0,0,0,0,0,0,0,0,0,0,0,0,0,0,0,0,0,,18,4.638778454186461e-11,0,0,72
47,KEN-07,3602,2426,0,first_order,-6.795204423316419e8,0.07565498352050781,16,2.1827872842550278e-11,1.398955618014952e-9,0,0,0,0,0,0,0,0,0,0,0,0,0,0,0,0,0,0,0,0,0,0,0,0,0,0,0,,16,4.458226633708951e-9,0,0,64
48,KEN-11,21349,14694,0,first_order,-6.972382261634078e9,1.2661590576171875,26,1.4551915228366852e-11,9.641247800118435e-10,0,0,0,0,0,0,0,0,0,0,0,0,0,0,0,0,0,0,0,0,0,0,0,0,0,0,0,,26,1.1167870066695348e-9,0,0,104
49,KEN-13,42659,28632,0,first_order,-1.0257394787384058e10,3.0732829570770264,30,3.238458562396829e-11,2.333564452783321e-10,0,0,0,0,0,0,0,0,0,0,0,0,0,0,0,0,0,0,0,0,0,0,0,0,0,0,0,,30,7.334924559466596e-10,0,0,120
50,KEN-18,154699,105127,0,first_order,-5.221702528660786e10,18.898106813430786,42,2.1827872842550278e-11,2.1930190996499732e-10,0,0,0,0,0,0,0,0,0,0,0,0,0,0,0,0,0,0,0,0,0,0,0,0,0,0,0,,42,5.18764095079969e-11,0,0,168
51,LOTFI,308,153,0,first_order,-25.264706061694596,0.03450202941894531,21,6.661338147750939e-16,9.313225746154785e-10,0,0,0,0,0,0,0,0,0,0,0,0,0,0,0,0,0,0,0,0,0,0,0,0,0,0,0,,21,1.5918607868440106e-11,0,0,84
52,MAROS-R7,9408,3136,0,first_order,1.4971851700776024e6,10.492254972457886,17,2.5397714283997622e-12,3.2741809263825417e-11,0,0,0,0,0,0,0,0,0,0,0,0,0,0,0,0,0,0,0,0,0,0,0,0,0,0,0,,17,5.8181008849014395e-9,0,0,68
53,MAROS,1443,846,0,first_order,-58063.74364969594,0.12308192253112793,25,5.820766091346741e-9,8.802805235652742e-10,0,0,0,0,0,0,0,0,0,0,0,0,0,0,0,0,0,0,0,0,0,0,0,0,0,0,0,,25,1.8782140788314306e-9,0,0,100
54,MODSZK1,1620,687,0,first_order,320.6197290671068,0.12877702713012695,27,4.547473508864641e-13,8.731149137020111e-11,0,0,0,0,0,0,0,0,0,0,0,0,0,0,0,0,0,0,0,0,0,0,0,0,0,0,0,,27,2.991501877347208e-11,0,0,108
55,NESM,2923,662,0,first_order,1.4076036518112201e7,0.9721219539642334,37,1.4090464193614505e-11,1.0143019757435923e-10,0,0,0,0,0,0,0,0,0,0,0,0,0,0,0,0,0,0,0,0,0,0,0,0,0,0,0,,37,5.445909986558103e-9,0,0,148
56,OSA-07,23949,1118,0,first_order,535722.5173458856,1.7795510292053223,20,7.73070496506989e-12,1.9966819309047423e-9,0,0,0,0,0,0,0,0,0,0,0,0,0,0,0,0,0,0,0,0,0,0,0,0,0,0,0,,20,8.785526678238532e-11,0,0,80
57,OSA-14,52460,2337,0,first_order,1.1064628476845422e6,5.1009910106658936,31,3.171862772433087e-11,7.210019248304889e-10,0,0,0,0,0,0,0,0,0,0,0,0,0,0,0,0,0,0,0,0,0,0,0,0,0,0,0,,31,2.7963034350882912e-9,0,0,124
58,OSA-30,100024,4350,0,first_order,2.1421398742530555e6,21.273311853408813,42,6.119194040365983e-11,3.244167601224035e-9,0,0,0,0,0,0,0,0,0,0,0,0,0,0,0,0,0,0,0,0,0,0,0,0,0,0,0,,42,2.119532739358755e-9,0,0,168
59,OSA-60,232966,10280,0,first_order,4.04407251643705e6,74.000648021698,30,4.092726157978177e-11,1.7081219993997365e-8,0,0,0,0,0,0,0,0,0,0,0,0,0,0,0,0,0,0,0,0,0,0,0,0,0,0,0,,30,7.263774103520405e-9,0,0,120
60,PDS-02,7535,2953,0,first_order,2.885786201486875e10,0.6498470306396484,38,4.3655745685100555e-11,2.1244600523218082e-9,0,0,0,0,0,0,0,0,0,0,0,0,0,0,0,0,0,0,0,0,0,0,0,0,0,0,0,,38,2.982535674991428e-10,0,0,152
61,PDS-06,28655,9881,0,first_order,2.7761037613966087e10,9.480813980102539,44,3.2047941557478143e-11,3.624988087480574e-9,0,0,0,0,0,0,0,0,0,0,0,0,0,0,0,0,0,0,0,0,0,0,0,0,0,0,0,,44,6.674220112880834e-9,0,0,176
62,PDS-10,48763,16558,0,first_order,2.6727095029652134e10,27.906638860702515,51,4.3655745685100555e-11,3.3574204180708556e-10,0,0,0,0,0,0,0,0,0,0,0,0,0,0,0,0,0,0,0,0,0,0,0,0,0,0,0,,51,2.356860655995866e-9,0,0,204
63,PDS-20,105728,33874,0,first_order,2.3821658640454662e10,171.41528701782227,64,3.475431152905089e-11,2.693596456992964e-10,0,0,0,0,0,0,0,0,0,0,0,0,0,0,0,0,0,0,0,0,0,0,0,0,0,0,0,,64,1.9858264293556495e-11,0,0,256
64,PEROLD,1376,625,0,first_order,-9380.755207019041,0.5168299674987793,39,3.979039320256561e-13,2.7329917218210653e-9,0,0,0,0,0,0,0,0,0,0,0,0,0,0,0,0,0,0,0,0,0,0,0,0,0,0,0,,39,9.350251801442027e-9,0,0,156
65,PILOT-JA,1988,940,0,first_order,-6113.136451793473,1.4862148761749268,51,1.8189894035458565e-12,4.656612873077393e-10,0,0,0,0,0,0,0,0,0,0,0,0,0,0,0,0,0,0,0,0,0,0,0,0,0,0,0,,51,4.777814746642806e-9,0,0,204
66,PILOT-WE,2789,722,0,first_order,-2.720107532633419e6,0.7370131015777588,44,1.853368569726399e-10,3.4924596548080444e-10,0,0,0,0,0,0,0,0,0,0,0,0,0,0,0,0,0,0,0,0,0,0,0,0,0,0,0,,44,1.0231791470797312e-9,0,0,176
67,PILOT,3652,1441,0,first_order,-557.4897250497485,4.256306171417236,49,1.551852224885855e-14,9.164891068280667e-11,0,0,0,0,0,0,0,0,0,0,0,0,0,0,0,0,0,0,0,0,0,0,0,0,0,0,0,,49,9.177287114546931e-9,0,0,196
68,PILOT4,1000,410,0,first_order,-2581.13924829173,0.0932469367980957,34,6.821210263296962e-13,2.232522279078277e-9,0,0,0,0,0,0,0,0,0,0,0,0,0,0,0,0,0,0,0,0,0,0,0,0,0,0,0,,34,9.21354514765891e-9,0,0,136
69,PILOT87,4883,2030,0,first_order,301.71034813448694,20.78483009338379,47,4.4621434827928627e-13,1.862645149230957e-9,0,0,0,0,0,0,0,0,0,0,0,0,0,0,0,0,0,0,0,0,0,0,0,0,0,0,0,,47,7.53871967061961e-9,0,0,188
70,PILOTNOV,2172,975,0,first_order,-4497.276188218858,6.385876178741455,51,8.223980679127659e-10,3.4924596548080444e-10,0,0,0,0,0,0,0,0,0,0,0,0,0,0,0,0,0,0,0,0,0,0,0,0,0,0,0,,51,3.250020690814303e-11,0,0,204
71,QAP12,8856,3192,0,first_order,522.8943507903225,8.83936619758606,18,1.3228029782652584e-12,7.394050983541644e-12,0,0,0,0,0,0,0,0,0,0,0,0,0,0,0,0,0,0,0,0,0,0,0,0,0,0,0,,18,1.0148403300056077e-9,0,0,72
72,QAP15,22275,6330,0,first_order,1040.9940466915186,75.23558712005615,22,1.7932021602872605e-13,1.476000891397736e-11,0,0,0,0,0,0,0,0,0,0,0,0,0,0,0,0,0,0,0,0,0,0,0,0,0,0,0,,22,8.146428773719383e-9,0,0,88
73,QAP8,1632,912,0,first_order,203.5000000160053,0.5009109973907471,9,1.4210854715202004e-14,7.321210309976985e-13,0,0,0,0,0,0,0,0,0,0,0,0,0,0,0,0,0,0,0,0,0,0,0,0,0,0,0,,9,9.399900145757372e-11,0,0,36
74,RECIPELP,180,91,0,first_order,-266.6159998026944,0.007109880447387695,10,2.3917038725303533e-10,9.094947017729282e-13,0,0,0,0,0,0,0,0,0,0,0,0,0,0,0,0,0,0,0,0,0,0,0,0,0,0,0,,10,2.5397731155482836e-9,0,0,40
75,SC105,103,105,0,first_order,-52.20206119058493,0.0073587894439697266,11,2.1527934790795156e-12,1.1368683772161603e-13,0,0,0,0,0,0,0,0,0,0,0,0,0,0,0,0,0,0,0,0,0,0,0,0,0,0,0,,11,6.109729617559577e-10,0,0,44
76,SC205,203,205,0,first_order,-52.20206116675439,0.013010978698730469,15,2.2450594223968745e-16,4.547473508864641e-13,0,0,0,0,0,0,0,0,0,0,0,0,0,0,0,0,0,0,0,0,0,0,0,0,0,0,0,,15,4.340805182881041e-9,0,0,60
77,SC50A,48,50,0,first_order,-64.57507703901051,0.0022840499877929688,9,4.6479687286281896e-14,7.460698725481052e-14,0,0,0,0,0,0,0,0,0,0,0,0,0,0,0,0,0,0,0,0,0,0,0,0,0,0,0,,9,4.1036891044210033e-10,0,0,36
78,SC50B,48,50,0,first_order,-69.99999999923035,0.002212047576904297,9,1.2156221171915905e-13,1.1368683772161603e-13,0,0,0,0,0,0,0,0,0,0,0,0,0,0,0,0,0,0,0,0,0,0,0,0,0,0,0,,9,1.8963284776784418e-11,0,0,36
79,SCAGR25,500,471,0,first_order,-1.4753433059857778e7,0.018943071365356445,17,1.166689084749309e-12,4.001776687800884e-11,0,0,0,0,0,0,0,0,0,0,0,0,0,0,0,0,0,0,0,0,0,0,0,0,0,0,0,,17,1.4640152041416916e-10,0,0,68
80,SCAGR7,140,129,0,first_order,-2.331389821789194e6,0.00512385368347168,13,9.094947017729282e-13,6.480149750132114e-12,0,0,0,0,0,0,0,0,0,0,0,0,0,0,0,0,0,0,0,0,0,0,0,0,0,0,0,,13,3.7120399367955727e-9,0,0,52
81,SCFXM1,457,330,0,first_order,18416.75902872594,0.029256105422973633,23,1.0658141036401503e-14,7.297273896256229e-12,0,0,0,0,0,0,0,0,0,0,0,0,0,0,0,0,0,0,0,0,0,0,0,0,0,0,0,,23,3.7138564809309135e-11,0,0,92
82,SCFXM2,914,660,0,first_order,36660.26156577762,0.059754133224487305,25,1.644517855226013e-14,1.2071491842321641e-11,0,0,0,0,0,0,0,0,0,0,0,0,0,0,0,0,0,0,0,0,0,0,0,0,0,0,0,,25,3.0310286749811134e-11,0,0,100
83,SCFXM3,1371,990,0,first_order,54901.25455201021,0.08936095237731934,26,2.1468937738688965e-14,7.85642368590956e-12,0,0,0,0,0,0,0,0,0,0,0,0,0,0,0,0,0,0,0,0,0,0,0,0,0,0,0,,26,8.588789347295417e-11,0,0,104
84,SCORPION,358,388,0,first_order,1878.124822979499,0.012050151824951172,12,6.821210263296962e-13,5.4581662669653445e-12,0,0,0,0,0,0,0,0,0,0,0,0,0,0,0,0,0,0,0,0,0,0,0,0,0,0,0,,12,1.4356090567945124e-10,0,0,48
85,SCRS8,1169,490,0,first_order,904.2969538472457,0.03758502006530762,19,4.757573630194638e-13,8.713915402756547e-13,0,0,0,0,0,0,0,0,0,0,0,0,0,0,0,0,0,0,0,0,0,0,0,0,0,0,0,,19,8.065036455218708e-11,0,0,76
86,SCSD1,760,77,0,first_order,8.666666676288106,0.011254072189331055,8,2.3803181647963356e-13,1.596500709410975e-13,0,0,0,0,0,0,0,0,0,0,0,0,0,0,0,0,0,0,0,0,0,0,0,0,0,0,0,,8,2.196403976048165e-10,0,0,32
87,SCSD6,1350,147,0,first_order,50.50000013097403,0.025877952575683594,10,1.3322676295501878e-14,1.8072349172726376e-13,0,0,0,0,0,0,0,0,0,0,0,0,0,0,0,0,0,0,0,0,0,0,0,0,0,0,0,,10,1.6442982597088518e-9,0,0,40
88,SCSD8,2750,397,0,first_order,905.0000001323831,0.04502582550048828,10,1.3657018961529845e-12,7.027711745877241e-14,0,0,0,0,0,0,0,0,0,0,0,0,0,0,0,0,0,0,0,0,0,0,0,0,0,0,0,,10,6.287282413179762e-10,0,0,40
89,SCTAP1,480,300,0,first_order,1412.2500001320543,0.01705789566040039,15,9.62022497931871e-14,1.0480505352461478e-12,0,0,0,0,0,0,0,0,0,0,0,0,0,0,0,0,0,0,0,0,0,0,0,0,0,0,0,,15,6.837004547970875e-10,0,0,60
90,SCTAP2,1880,1090,0,first_order,1724.8071428742212,0.06470704078674316,14,4.263256414560601e-14,2.215766351510878e-14,0,0,0,0,0,0,0,0,0,0,0,0,0,0,0,0,0,0,0,0,0,0,0,0,0,0,0,,14,1.1148220341084877e-11,0,0,56
91,SCTAP3,2480,1480,0,first_order,1424.0000004274486,0.08889412879943848,15,4.263256414560601e-14,1.0583987725041318e-11,0,0,0,0,0,0,0,0,0,0,0,0,0,0,0,0,0,0,0,0,0,0,0,0,0,0,0,,15,3.822129463708818e-9,0,0,60
92,SEBA,1028,515,0,first_order,15711.600000138404,0.03523707389831543,20,9.947598300641403e-14,4.720698709331247e-12,0,0,0,0,0,0,0,0,0,0,0,0,0,0,0,0,0,0,0,0,0,0,0,0,0,0,0,,20,2.595896973702098e-11,0,0,80
93,SHARE1B,225,117,0,first_order,-76589.31856611998,0.01495504379272461,24,2.5489563724058675e-13,6.253379138972505e-10,0,0,0,0,0,0,0,0,0,0,0,0,0,0,0,0,0,0,0,0,0,0,0,0,0,0,0,,24,1.8608343322275574e-10,0,0,96
94,SHARE2B,79,96,0,first_order,-415.7322407239501,0.005178928375244141,13,3.296383043209657e-12,4.831690603168681e-13,0,0,0,0,0,0,0,0,0,0,0,0,0,0,0,0,0,0,0,0,0,0,0,0,0,0,0,,13,1.4421725140089377e-10,0,0,52
95,SHELL,1775,536,0,first_order,1.2088253498623538e9,0.049488067626953125,24,9.094947017729282e-13,9.005712148235645e-10,0,0,0,0,0,0,0,0,0,0,0,0,0,0,0,0,0,0,0,0,0,0,0,0,0,0,0,,24,3.8662958941501155e-9,0,0,96
96,SHIP04L,2118,402,0,first_order,1.7933245384220406e6,0.036257028579711914,14,1.8530954548623413e-11,1.2684919781236204e-9,0,0,0,0,0,0,0,0,0,0,0,0,0,0,0,0,0,0,0,0,0,0,0,0,0,0,0,,14,2.893852963599903e-10,0,0,56
97,SHIP04S,1458,402,0,first_order,1.7987147007581866e6,0.029230117797851562,16,1.3642420526593924e-12,3.56225404729571e-9,0,0,0,0,0,0,0,0,0,0,0,0,0,0,0,0,0,0,0,0,0,0,0,0,0,0,0,,16,2.0433917585284708e-10,0,0,64
98,SHIP08L,4283,778,0,first_order,1.909055213613539e6,0.07680010795593262,20,3.637978807091713e-12,2.2494850426824087e-10,0,0,0,0,0,0,0,0,0,0,0,0,0,0,0,0,0,0,0,0,0,0,0,0,0,0,0,,20,1.1718783495914476e-9,0,0,80
99,SHIP08S,2387,778,0,first_order,1.920098218429348e6,0.041011810302734375,18,3.637978807091713e-12,2.370728213740847e-8,0,0,0,0,0,0,0,0,0,0,0,0,0,0,0,0,0,0,0,0,0,0,0,0,0,0,0,,18,6.349249977112922e-9,0,0,72
100,SHIP12L,5427,1151,0,first_order,1.470187919345952e6,0.09108090400695801,17,7.275957614183426e-12,4.976463685579802e-12,0,0,0,0,0,0,0,0,0,0,0,0,0,0,0,0,0,0,0,0,0,0,0,0,0,0,0,,17,1.2598161677687742e-11,0,0,68
101,SHIP12S,2763,1151,0,first_order,1.4892361344110267e6,0.04536890983581543,15,1.5864864103380103e-11,1.3411625976456065e-11,0,0,0,0,0,0,0,0,0,0,0,0,0,0,0,0,0,0,0,0,0,0,0,0,0,0,0,,15,2.610258480999837e-11,0,0,60
102,SIERRA,2036,1227,0,first_order,1.5394362185497275e7,0.08919405937194824,22,8.627428753269873e-11,4.32836464133193e-9,0,0,0,0,0,0,0,0,0,0,0,0,0,0,0,0,0,0,0,0,0,0,0,0,0,0,0,,22,2.471741371983715e-9,0,0,88
103,STAIR,467,356,0,first_order,-251.2669511853335,0.03260016441345215,19,8.73095883035443e-15,9.36140054363932e-12,0,0,0,0,0,0,0,0,0,0,0,0,0,0,0,0,0,0,0,0,0,0,0,0,0,0,0,,19,5.678873090001448e-10,0,0,76
104,STANDATA,1075,359,0,first_order,1257.699500247044,0.02190089225769043,12,7.666756118851481e-12,1.0063847824227597e-13,0,0,0,0,0,0,0,0,0,0,0,0,0,0,0,0,0,0,0,0,0,0,0,0,0,0,0,,12,2.498082060833455e-10,0,0,48
105,STANDGUB,1184,361,0,first_order,1257.699500247044,0.022109031677246094,12,7.666756118851481e-12,1.0063847824227597e-13,0,0,0,0,0,0,0,0,0,0,0,0,0,0,0,0,0,0,0,0,0,0,0,0,0,0,0,,12,2.498082060833455e-10,0,0,48
106,STANDMPS,1075,467,0,first_order,1406.0175033785529,0.03399395942687988,20,1.3741896509600338e-11,1.432550970091563e-11,0,0,0,0,0,0,0,0,0,0,0,0,0,0,0,0,0,0,0,0,0,0,0,0,0,0,0,,20,2.987365442334143e-9,0,0,80
107,STOCFOR1,111,117,0,first_order,-41131.97621908744,0.00539088249206543,13,1.7763568394002505e-13,1.8189894035458565e-12,0,0,0,0,0,0,0,0,0,0,0,0,0,0,0,0,0,0,0,0,0,0,0,0,0,0,0,,13,2.4360223716860445e-11,0,0,52
108,STOCFOR2,2031,2157,0,first_order,-39024.40842743658,0.11828899383544922,19,1.4114365715333357e-13,2.3646862246096134e-11,0,0,0,0,0,0,0,0,0,0,0,0,0,0,0,0,0,0,0,0,0,0,0,0,0,0,0,,19,4.090267135556085e-9,0,0,76
109,STOCFOR3,15695,16675,0,first_order,-39976.78391550049,2.606039047241211,37,8.570921750106208e-14,4.547473508864641e-12,0,0,0,0,0,0,0,0,0,0,0,0,0,0,0,0,0,0,0,0,0,0,0,0,0,0,0,,37,1.6423855025367427e-9,0,0,148
110,TRUSS,8806,1000,0,first_order,458815.8477200688,0.37491512298583984,17,5.872759713583742e-10,4.8652252347737646e-11,0,0,0,0,0,0,0,0,0,0,0,0,0,0,0,0,0,0,0,0,0,0,0,0,0,0,0,,17,2.3105488157077513e-9,0,0,68
111,TUFF,587,333,0,first_order,0.2921477651226774,0.0957338809967041,25,1.131299404874656e-14,1.1368683772161603e-12,0,0,0,0,0,0,0,0,0,0,0,0,0,0,0,0,0,0,0,0,0,0,0,0,0,0,0,,25,2.5651424503513377e-11,0,0,100
112,VTP-BASE,203,198,0,first_order,129831.46246228146,0.004684925079345703,14,4.169427690581359e-13,3.865352482534945e-12,0,0,0,0,0,0,0,0,0,0,0,0,0,0,0,0,0,0,0,0,0,0,0,0,0,0,0,,14,1.5978222177894814e-11,0,0,56
113,WOOD1P,2594,244,0,first_order,1.4429024116626321,0.21894001960754395,16,4.973799150320701e-14,3.1944580588063633e-10,0,0,0,0,0,0,0,0,0,0,0,0,0,0,0,0,0,0,0,0,0,0,0,0,0,0,0,,16,3.969967102660477e-11,0,0,64
114,WOODW,8405,1098,0,first_order,1.3044763331648486,0.7235250473022461,27,3.552713678800501e-15,2.2737367544323206e-13,0,0,0,0,0,0,0,0,0,0,0,0,0,0,0,0,0,0,0,0,0,0,0,0,0,0,0,,27,3.600801708332528e-11,0,0,108
