id,name,nvar,ncon,nequ,status,objective,elapsed_time,iter,dual_feas,primal_feas,neval_obj,neval_grad,neval_cons,neval_cons_lin,neval_cons_nln,neval_jcon,neval_jgrad,neval_jac,neval_jac_lin,neval_jac_nln,neval_jprod,neval_jprod_lin,neval_jprod_nln,neval_jtprod,neval_jtprod_lin,neval_jtprod_nln,neval_hess,neval_hprod,neval_jhess,neval_jhprod,neval_residual,neval_jac_residual,neval_jprod_residual,neval_jtprod_residual,neval_hess_residual,neval_jhess_residual,neval_hprod_residual,extrainfo,iters_sp,pdd,iters_sp3,iters_sp2,nnzLDL,relative_iter_cnt
1,AUG2D,20200,10000,0,first_order,1.6874117528809828e6,0.38576388359069824,5,2.9309887850104133e-13,7.984723993104126e-12,0,0,0,0,0,0,0,0,0,0,0,0,0,0,0,0,0,0,0,0,0,0,0,0,0,0,0,,3,9.355653461403264e-12,0,2,248770,20
2,AUG2DC,20200,10000,0,first_order,1.8183680655494595e6,0.3419060707092285,5,3.446132268436486e-13,9.550804591640372e-12,0,0,0,0,0,0,0,0,0,0,0,0,0,0,0,0,0,0,0,0,0,0,0,0,0,0,0,,4,1.1429433830338342e-11,0,1,257245,20
3,AUG2DCQP,20200,10000,0,first_order,6.498134739521554e6,0.565546989440918,14,1.1769561150719657e-5,4.640954287538079e-12,0,0,0,0,0,0,0,0,0,0,0,0,0,0,0,0,0,0,0,0,0,0,0,0,0,0,0,,5,4.0545079639690486e-11,0,9,257245,56
4,AUG2DQP,20200,10000,0,first_order,6.237012027607646e6,0.6255059242248535,16,1.2030251794747926e-11,3.6637359812630166e-14,0,0,0,0,0,0,0,0,0,0,0,0,0,0,0,0,0,0,0,0,0,0,0,0,0,0,0,,5,6.956432021786255e-10,0,11,257245,64
5,AUG3D,3873,1000,0,first_order,554.0677258020974,0.015552997589111328,3,1.4096945832875463e-11,1.9707568910121154e-11,0,0,0,0,0,0,0,0,0,0,0,0,0,0,0,0,0,0,0,0,0,0,0,0,0,0,0,,2,1.1226383123235215e-11,0,1,16931,12
6,AUG3DC,3873,1000,0,first_order,771.2624387266656,0.027280807495117188,3,2.8491209391745542e-11,5.7685412002683734e-11,0,0,0,0,0,0,0,0,0,0,0,0,0,0,0,0,0,0,0,0,0,0,0,0,0,0,0,,2,6.781058540935067e-11,0,1,41186,12
7,AUG3DCQP,3873,1000,0,first_order,993.362146530183,0.08627891540527344,15,3.496766897150244e-8,2.042810365310288e-14,0,0,0,0,0,0,0,0,0,0,0,0,0,0,0,0,0,0,0,0,0,0,0,0,0,0,0,,8,4.1462976003902924e-10,0,7,41186,60
8,AUG3DQP,3873,1000,0,first_order,675.2376722409294,0.08521103858947754,15,1.5825939191950467e-13,2.220446049250313e-15,0,0,0,0,0,0,0,0,0,0,0,0,0,0,0,0,0,0,0,0,0,0,0,0,0,0,0,,10,3.0468917100638993e-9,0,5,41186,60
9,BOYD1,93261,18,0,first_order,-6.173521959269476e7,3.214290142059326,30,0.007608827510025838,0.123046875,0,0,0,0,0,0,0,0,0,0,0,0,0,0,0,0,0,0,0,0,0,0,0,0,0,0,0,,7,7.404876714101565e-10,0,23,652417,120
10,BOYD2,93263,186531,0,max_iter,21.26971034439005,221.75174593925476,800,0.0019125662194939867,0.001434326171875,0,0,0,0,0,0,0,0,0,0,0,0,0,0,0,0,0,0,0,0,0,0,0,0,0,0,0,,10,0.0018961091675208182,0,790,1274159,3200
11,CONT-050,2597,2401,0,first_order,-4.563850904324312,0.33686280250549316,21,3.453875798822601e-13,3.2411573425150664e-14,0,0,0,0,0,0,0,0,0,0,0,0,0,0,0,0,0,0,0,0,0,0,0,0,0,0,0,,5,1.2447442152393164e-11,0,16,121883,84
12,CONT-100,10197,9801,0,first_order,-4.644397868764029,2.4045679569244385,22,2.952925552324414e-14,2.928750991726403e-13,0,0,0,0,0,0,0,0,0,0,0,0,0,0,0,0,0,0,0,0,0,0,0,0,0,0,0,,5,6.485778860646159e-11,0,17,683122,88
13,CONT-101,10197,10098,0,first_order,0.1955273246769248,2.967622995376587,26,5.5690187488968066e-15,1.6639467581569534e-14,0,0,0,0,0,0,0,0,0,0,0,0,0,0,0,0,0,0,0,0,0,0,0,0,0,0,0,,5,1.0676795405758315e-11,0,21,684310,104
14,CONT-200,40397,39601,0,first_order,-4.684875920234985,20.683778047561646,22,1.1949897544223507e-12,1.4990782053192486e-12,0,0,0,0,0,0,0,0,0,0,0,0,0,0,0,0,0,0,0,0,0,0,0,0,0,0,0,,5,1.1630765122099076e-9,0,17,3656727,88
15,CONT-201,40397,40198,0,first_order,0.1924833730315889,28.33074712753296,28,1.2131568787205951e-11,1.1328075953416344e-13,0,0,0,0,0,0,0,0,0,0,0,0,0,0,0,0,0,0,0,0,0,0,0,0,0,0,0,,5,5.6342775591156116e-9,0,23,3659115,112
16,CONT-300,90597,90298,0,first_order,0.191512286072808,81.2900710105896,22,3.062246995786501e-13,3.1547681134114214e-13,0,0,0,0,0,0,0,0,0,0,0,0,0,0,0,0,0,0,0,0,0,0,0,0,0,0,0,,5,1.155492695007001e-9,0,17,9818988,88
17,CVXQP1_L,10000,5000,0,first_order,1.0870480009674852e8,66.28662610054016,18,0.013516347201754793,2.489825234874843e-9,0,0,0,0,0,0,0,0,0,0,0,0,0,0,0,0,0,0,0,0,0,0,0,0,0,0,0,,6,3.5276755946251402e-9,0,12,3733612,72
18,CVXQP1_M,1000,500,0,first_order,1.0875115684850623e6,0.22788715362548828,19,0.006016558264832382,8.718537003460369e-11,0,0,0,0,0,0,0,0,0,0,0,0,0,0,0,0,0,0,0,0,0,0,0,0,0,0,0,,7,1.459390443183539e-9,0,12,71193,76
19,CVXQP1_S,100,50,0,first_order,11590.718119599758,0.00539398193359375,12,1.5591049905888578e-8,4.248867924161459e-11,0,0,0,0,0,0,0,0,0,0,0,0,0,0,0,0,0,0,0,0,0,0,0,0,0,0,0,,9,8.343843894956633e-11,0,3,1662,48
20,CVXQP2_L,10000,2500,0,first_order,8.184245828471246e7,39.87842392921448,19,0.0012407547193527707,2.427016809747329e-9,0,0,0,0,0,0,0,0,0,0,0,0,0,0,0,0,0,0,0,0,0,0,0,0,0,0,0,,9,7.543173010698644e-10,0,10,2826529,76
21,CVXQP2_M,1000,250,0,first_order,820155.4311945848,0.09482002258300781,13,0.006583100457067087,3.875411103138049e-9,0,0,0,0,0,0,0,0,0,0,0,0,0,0,0,0,0,0,0,0,0,0,0,0,0,0,0,,6,3.29394467257916e-9,0,7,51256,52
22,CVXQP2_S,100,25,0,first_order,8120.940477264458,0.003993034362792969,11,2.402270926604878e-6,7.553957459549565e-11,0,0,0,0,0,0,0,0,0,0,0,0,0,0,0,0,0,0,0,0,0,0,0,0,0,0,0,,6,3.375719249331245e-10,0,5,1373,44
23,CVXQP3_L,10000,7500,0,first_order,1.1571110452938582e8,68.45477414131165,17,0.00022184322305415487,1.0271161698938158e-10,0,0,0,0,0,0,0,0,0,0,0,0,0,0,0,0,0,0,0,0,0,0,0,0,0,0,0,,6,6.314169899345202e-10,0,11,4028563,68
24,CVXQP3_M,1000,750,0,first_order,1.3628287418488478e6,0.3100771903991699,22,1.4256866706440802e-5,7.00911328976872e-10,0,0,0,0,0,0,0,0,0,0,0,0,0,0,0,0,0,0,0,0,0,0,0,0,0,0,0,,7,4.1529328605036043e-10,0,15,79513,88
25,CVXQP3_S,100,75,0,first_order,11943.43220230996,0.010956048965454102,20,3.449902413876771e-5,1.7763568394002505e-15,0,0,0,0,0,0,0,0,0,0,0,0,0,0,0,0,0,0,0,0,0,0,0,0,0,0,0,,18,2.7062937700672583e-9,0,2,1952,80
26,DPKLO1,133,77,0,first_order,0.37009621711419094,0.03397798538208008,42,4.579669976578771e-16,6.288303211476887e-13,0,0,0,0,0,0,0,0,0,0,0,0,0,0,0,0,0,0,0,0,0,0,0,0,0,0,0,,40,5.5831382819078214e-14,0,2,4711,168
27,DTOC3,14999,9998,0,first_order,235.262481035592,0.10619997978210449,6,9.782105681033215e-15,7.993605777301127e-15,0,0,0,0,0,0,0,0,0,0,0,0,0,0,0,0,0,0,0,0,0,0,0,0,0,0,0,,4,3.5237449001053073e-12,0,2,74971,24
28,DUAL1,85,1,0,first_order,0.035012966587865,0.009449005126953125,11,1.7112463697914015e-12,0.0,0,0,0,0,0,0,0,0,0,0,0,0,0,0,0,0,0,0,0,0,0,0,0,0,0,0,0,,7,9.035427570232597e-10,0,4,3735,44
29,DUAL2,96,1,0,first_order,0.03373367612825971,0.00925898551940918,8,7.316481851106819e-9,0.0,0,0,0,0,0,0,0,0,0,0,0,0,0,0,0,0,0,0,0,0,0,0,0,0,0,0,0,,4,8.578665666215631e-11,0,4,4742,32
30,DUAL3,111,1,0,first_order,0.1357558400050428,0.01977396011352539,13,2.4611477271956596e-6,1.1102230246251565e-16,0,0,0,0,0,0,0,0,0,0,0,0,0,0,0,0,0,0,0,0,0,0,0,0,0,0,0,,10,3.3577766119876327e-9,0,3,6322,52
31,DUAL4,75,1,0,first_order,0.7460908418224415,0.00852203369140625,14,1.8936778472171932e-12,2.220446049250313e-16,0,0,0,0,0,0,0,0,0,0,0,0,0,0,0,0,0,0,0,0,0,0,0,0,0,0,0,,10,8.33526005229273e-10,0,4,2922,56
32,DUALC1,9,215,0,first_order,6155.250829489043,0.013339996337890625,18,4.113367341889596e-7,5.24735810358834e-12,0,0,0,0,0,0,0,0,0,0,0,0,0,0,0,0,0,0,0,0,0,0,0,0,0,0,0,,12,2.329443683556871e-11,0,6,4549,72
33,DUALC2,7,229,0,first_order,3551.3076927068278,0.010553836822509766,15,4.8878109939626745e-6,9.254108590539545e-11,0,0,0,0,0,0,0,0,0,0,0,0,0,0,0,0,0,0,0,0,0,0,0,0,0,0,0,,10,6.814564333836755e-11,0,5,3912,60
34,DUALC5,8,278,0,first_order,427.2323267764546,0.028341054916381836,27,7.50928847992327e-8,2.240767571493052e-10,0,0,0,0,0,0,0,0,0,0,0,0,0,0,0,0,0,0,0,0,0,0,0,0,0,0,0,,25,5.253570762880476e-11,0,2,5308,108
35,DUALC8,8,503,0,first_order,18309.358833243274,0.04853391647338867,29,5.957592673744833e-6,4.547473508864641e-13,0,0,0,0,0,0,0,0,0,0,0,0,0,0,0,0,0,0,0,0,0,0,0,0,0,0,0,,23,1.710849688708003e-10,0,6,9583,116
36,EXDATA,3000,3001,0,first_order,-141.84343204000118,27.767201900482178,17,2.773150148248914e-8,6.345323811924097e-12,0,0,0,0,0,0,0,0,0,0,0,0,0,0,0,0,0,0,0,0,0,0,0,0,0,0,0,,13,9.12013312245052e-10,0,4,1145251,68
37,GENHS28,10,8,0,first_order,0.9271736949263925,0.0012319087982177734,2,2.8007369978766405e-8,8.382938121442862e-9,0,0,0,0,0,0,0,0,0,0,0,0,0,0,0,0,0,0,0,0,0,0,0,0,0,0,0,,1,2.357593537655604e-9,0,1,51,8
38,GOULDQP2,699,349,0,first_order,0.00018427455346741275,0.012314081192016602,18,2.0968578764640008e-7,6.439293542825908e-15,0,0,0,0,0,0,0,0,0,0,0,0,0,0,0,0,0,0,0,0,0,0,0,0,0,0,0,,6,2.132676589824692e-9,0,12,3139,72
39,GOULDQP3,699,349,0,first_order,2.062783971472527,0.02115011215209961,19,2.9893984080439e-11,3.3584246494910985e-14,0,0,0,0,0,0,0,0,0,0,0,0,0,0,0,0,0,0,0,0,0,0,0,0,0,0,0,,15,2.0667742757241216e-10,0,4,4875,76
40,HS118,15,17,0,first_order,664.8204500096933,0.0012149810791015625,13,3.553445296732511e-11,2.842170943040401e-14,0,0,0,0,0,0,0,0,0,0,0,0,0,0,0,0,0,0,0,0,0,0,0,0,0,0,0,,10,2.196608802291941e-11,0,3,141,52
41,HS21,2,1,0,first_order,-99.95999856922325,0.0004961490631103516,6,3.464421202321582e-7,3.765876499528531e-13,0,0,0,0,0,0,0,0,0,0,0,0,0,0,0,0,0,0,0,0,0,0,0,0,0,0,0,,4,8.687521119769341e-9,0,2,7,24
42,HS268,5,5,0,first_order,8.549250196665525e-11,0.0007579326629638672,10,1.3969838619232178e-9,7.105427357601002e-15,0,0,0,0,0,0,0,0,0,0,0,0,0,0,0,0,0,0,0,0,0,0,0,0,0,0,0,,6,3.987224772195376e-9,0,4,61,40
43,HS35,3,1,0,first_order,0.11111111130182039,0.0005178451538085938,9,6.838166710671616e-13,1.3322676295501878e-15,0,0,0,0,0,0,0,0,0,0,0,0,0,0,0,0,0,0,0,0,0,0,0,0,0,0,0,,7,2.2109674087757866e-10,0,2,11,36
44,HS35MOD,3,1,0,first_order,0.2500000019562325,0.0006818771362304688,14,2.9170349611554456e-13,1.9451107391432743e-13,0,0,0,0,0,0,0,0,0,0,0,0,0,0,0,0,0,0,0,0,0,0,0,0,0,0,0,,7,3.332700510341378e-9,0,7,8,56
45,HS51,5,3,0,first_order,0.0,0.00048804283142089844,3,1.571067720362862e-10,2.4427748712696484e-10,0,0,0,0,0,0,0,0,0,0,0,0,0,0,0,0,0,0,0,0,0,0,0,0,0,0,0,,2,5.35140820545621e-10,0,1,19,12
46,HS52,5,3,0,first_order,5.326647557263962,0.000408172607421875,3,7.303415650028455e-10,6.462218260505637e-10,0,0,0,0,0,0,0,0,0,0,0,0,0,0,0,0,0,0,0,0,0,0,0,0,0,0,0,,2,1.150853035759521e-9,0,1,19,12
47,HS53,5,3,0,first_order,4.093023255813954,0.0004730224609375,6,1.8821568092435385e-12,0.0,0,0,0,0,0,0,0,0,0,0,0,0,0,0,0,0,0,0,0,0,0,0,0,0,0,0,0,,4,1.2052541815921242e-10,0,2,19,24
48,HS76,4,3,0,first_order,-4.681818181802844,0.0006580352783203125,9,4.2268086188046155e-11,4.440892098500626e-16,0,0,0,0,0,0,0,0,0,0,0,0,0,0,0,0,0,0,0,0,0,0,0,0,0,0,0,,7,2.3448848196557815e-11,0,2,27,36
49,HUES-MOD,10000,2,0,first_order,3.48244639541889e7,0.0865781307220459,12,3.877424156971919e-7,3.410605131648481e-12,0,0,0,0,0,0,0,0,0,0,0,0,0,0,0,0,0,0,0,0,0,0,0,0,0,0,0,,10,9.786305368579312e-9,0,2,30003,48
50,HUESTIS,10000,2,0,first_order,3.4824463954183154e11,0.08759617805480957,12,0.003877205662238481,4.092726157978177e-12,0,0,0,0,0,0,0,0,0,0,0,0,0,0,0,0,0,0,0,0,0,0,0,0,0,0,0,,10,9.78557397499149e-9,0,2,30003,48
51,KSIP,20,1001,0,first_order,0.5757979412394361,0.09905505180358887,17,3.7017336274340175e-9,8.599787548746463e-13,0,0,0,0,0,0,0,0,0,0,0,0,0,0,0,0,0,0,0,0,0,0,0,0,0,0,0,,5,5.539470584518303e-10,0,12,43004,68
52,LASER,1002,1000,0,first_order,2.409601345627904e6,0.16544389724731445,163,5.363613779785226e-7,2.0386679011608067e-9,0,0,0,0,0,0,0,0,0,0,0,0,0,0,0,0,0,0,0,0,0,0,0,0,0,0,0,,5,1.467055799842692e-11,0,158,10002,652
53,LISWET1,10002,10000,0,max_iter,NaN,82.35947895050049,800,NaN,NaN,0,0,0,0,0,0,0,0,0,0,0,0,0,0,0,0,0,0,0,0,0,0,0,0,0,0,0,,5,NaN,0,795,80001,3200
54,LISWET10,10002,10000,0,max_iter,25.150526219926633,8.320752143859863,800,3.51901127122467e-5,8.369742199310082e-8,0,0,0,0,0,0,0,0,0,0,0,0,0,0,0,0,0,0,0,0,0,0,0,0,0,0,0,,5,0.06014367798647265,0,795,80001,3200
55,LISWET11,10002,10000,0,max_iter,28.257191921244612,8.378519058227539,800,2.0324924389858445e-5,1.740446550213548e-7,0,0,0,0,0,0,0,0,0,0,0,0,0,0,0,0,0,0,0,0,0,0,0,0,0,0,0,,5,0.2784468984179326,0,795,80001,3200
56,LISWET12,10002,10000,0,max_iter,49.95923096746037,8.322664022445679,800,0.0002028937248159668,1.1688642558561356e-6,0,0,0,0,0,0,0,0,0,0,0,0,0,0,0,0,0,0,0,0,0,0,0,0,0,0,0,,5,3.0132789782411753,0,795,80001,3200
57,LISWET2,10002,10000,0,max_iter,NaN,75.05488300323486,800,NaN,NaN,0,0,0,0,0,0,0,0,0,0,0,0,0,0,0,0,0,0,0,0,0,0,0,0,0,0,0,,5,NaN,0,795,80001,3200
58,LISWET3,10002,10000,0,first_order,25.001220000258513,0.5328960418701172,39,4.248244697691028e-8,2.5968910426146246e-12,0,0,0,0,0,0,0,0,0,0,0,0,0,0,0,0,0,0,0,0,0,0,0,0,0,0,0,,5,8.233697696564837e-9,0,34,80001,156
59,LISWET4,10002,10000,0,first_order,25.000111850689564,0.8626739978790283,56,4.5102810375396984e-15,8.442615512672513e-11,0,0,0,0,0,0,0,0,0,0,0,0,0,0,0,0,0,0,0,0,0,0,0,0,0,0,0,,5,9.004037518908589e-9,0,51,80001,224
60,LISWET5,10002,10000,0,first_order,25.034253342313605,0.5951189994812012,42,4.143421161728611e-10,5.145352366435374e-11,0,0,0,0,0,0,0,0,0,0,0,0,0,0,0,0,0,0,0,0,0,0,0,0,0,0,0,,5,2.4029374971573856e-9,0,37,80001,168
61,LISWET6,10002,10000,0,first_order,24.995747332139672,0.7447669506072998,51,2.4868995751603507e-14,9.965728242633531e-11,0,0,0,0,0,0,0,0,0,0,0,0,0,0,0,0,0,0,0,0,0,0,0,0,0,0,0,,5,8.584585475568062e-9,0,46,80001,204
62,LISWET7,10002,10000,0,max_iter,NaN,86.861741065979,800,NaN,NaN,0,0,0,0,0,0,0,0,0,0,0,0,0,0,0,0,0,0,0,0,0,0,0,0,0,0,0,,5,NaN,0,795,80001,3200
63,LISWET8,10002,10000,0,max_iter,26.266565717801313,8.410197019577026,800,42372.55015484451,3.9049280057121794e-7,0,0,0,0,0,0,0,0,0,0,0,0,0,0,0,0,0,0,0,0,0,0,0,0,0,0,0,,5,1.3987280036253662,0,795,80001,3200
64,LISWET9,10002,10000,0,max_iter,62.51862732579593,8.470207214355469,800,0.00042809485207018216,1.1820648892406693e-6,0,0,0,0,0,0,0,0,0,0,0,0,0,0,0,0,0,0,0,0,0,0,0,0,0,0,0,,5,3.9168721180487553,0,795,80001,3200
65,LOTSCHD,12,7,0,first_order,2398.415891478129,0.0021321773529052734,13,4.217495059426602e-6,3.7545362374658e-9,0,0,0,0,0,0,0,0,0,0,0,0,0,0,0,0,0,0,0,0,0,0,0,0,0,0,0,,12,2.4186553912373757e-9,0,1,91,52
66,MOSARQP1,2500,700,0,first_order,-952.8754428134897,0.08781099319458008,18,1.1883136122131037e-6,5.383637979861078e-10,0,0,0,0,0,0,0,0,0,0,0,0,0,0,0,0,0,0,0,0,0,0,0,0,0,0,0,,14,2.752434086284418e-10,0,4,24540,72
67,MOSARQP2,900,600,0,first_order,-1597.4821174415745,0.04106879234313965,13,3.840292049350384e-6,1.8407231294759185e-10,0,0,0,0,0,0,0,0,0,0,0,0,0,0,0,0,0,0,0,0,0,0,0,0,0,0,0,,8,3.3212522145463563e-9,0,5,22437,52
68,POWELL20,10000,10000,0,first_order,5.208958280956116e10,0.4445621967315674,35,4.738103598356247e-8,2.6921043172478676e-10,0,0,0,0,0,0,0,0,0,0,0,0,0,0,0,0,0,0,0,0,0,0,0,0,0,0,0,,5,6.404524490094847e-11,0,30,79997,140
69,PRIMAL1,325,85,0,first_order,-0.03501296552111634,0.026493072509765625,13,3.3289036213426256e-8,3.049019370315875e-13,0,0,0,0,0,0,0,0,0,0,0,0,0,0,0,0,0,0,0,0,0,0,0,0,0,0,0,,5,1.8730229739923715e-9,0,8,9965,52
70,PRIMAL2,649,96,0,first_order,-0.03373367610147201,0.05152106285095215,18,3.8819346120846226e-11,7.472515661799406e-12,0,0,0,0,0,0,0,0,0,0,0,0,0,0,0,0,0,0,0,0,0,0,0,0,0,0,0,,11,2.2059264900419376e-11,0,7,13539,72
71,PRIMAL3,745,111,0,first_order,-0.1357558355415739,0.1231839656829834,18,1.965401256716695e-8,3.6365355171597e-13,0,0,0,0,0,0,0,0,0,0,0,0,0,0,0,0,0,0,0,0,0,0,0,0,0,0,0,,7,1.248709440735583e-9,0,11,28730,72
72,PRIMAL4,1489,75,0,first_order,-0.746090840544647,0.10961794853210449,17,8.133868696635904e-9,1.4863665853681596e-12,0,0,0,0,0,0,0,0,0,0,0,0,0,0,0,0,0,0,0,0,0,0,0,0,0,0,0,,10,2.3049696954630017e-9,0,7,20520,68
73,PRIMALC1,230,9,0,first_order,-6155.250828819316,0.005937099456787109,12,1.250685692990746e-8,9.62349531619111e-7,0,0,0,0,0,0,0,0,0,0,0,0,0,0,0,0,0,0,0,0,0,0,0,0,0,0,0,,9,1.2006140990499213e-10,0,3,2363,48
74,PRIMALC2,231,7,0,first_order,-3551.307694463181,0.00527191162109375,14,7.772413823659008e-10,1.9133585738018155e-6,0,0,0,0,0,0,0,0,0,0,0,0,0,0,0,0,0,0,0,0,0,0,0,0,0,0,0,,12,4.729366045618072e-10,0,2,1890,56
75,PRIMALC5,287,8,0,first_order,-427.2323261067123,0.0051729679107666016,8,2.2920568110151862e-8,8.853646704665152e-8,0,0,0,0,0,0,0,0,0,0,0,0,0,0,0,0,0,0,0,0,0,0,0,0,0,0,0,,7,2.480963421527703e-9,0,1,2635,32
76,PRIMALC8,520,8,0,first_order,-18309.429788252775,0.008821964263916016,9,2.042082059006134e-9,5.529727786779404e-10,0,0,0,0,0,0,0,0,0,0,0,0,0,0,0,0,0,0,0,0,0,0,0,0,0,0,0,,5,2.511398162095716e-11,0,4,4732,36
77,Q25FV47,1571,820,0,first_order,1.3744447958474169e7,0.9197499752044678,33,0.016333453646793422,8.025393835176123e-8,0,0,0,0,0,0,0,0,0,0,0,0,0,0,0,0,0,0,0,0,0,0,0,0,0,0,0,,6,6.545991832186702e-10,0,27,110182,132
78,QADLITTL,97,56,0,first_order,480318.85856094636,0.005517005920410156,18,1.207809777678364e-5,2.110986230263734e-8,0,0,0,0,0,0,0,0,0,0,0,0,0,0,0,0,0,0,0,0,0,0,0,0,0,0,0,,16,1.3016237560256613e-9,0,2,943,72
79,QAFIRO,32,27,0,first_order,-1.590781790899199,0.0012669563293457031,12,3.2039723629753044e-9,1.0537601543375217e-13,0,0,0,0,0,0,0,0,0,0,0,0,0,0,0,0,0,0,0,0,0,0,0,0,0,0,0,,10,2.461008239927325e-9,0,2,229,48
80,QBANDM,472,305,0,first_order,16352.34203748094,0.021676063537597656,21,7.376863218298488e-5,4.1608672063375707e-10,0,0,0,0,0,0,0,0,0,0,0,0,0,0,0,0,0,0,0,0,0,0,0,0,0,0,0,,8,1.3197035467094375e-9,0,13,5369,84
81,QBEACONF,262,173,0,first_order,164712.06039757744,0.011320114135742188,16,1.4403406245477868e-10,2.1071005754721453e-10,0,0,0,0,0,0,0,0,0,0,0,0,0,0,0,0,0,0,0,0,0,0,0,0,0,0,0,,5,1.5763727691583745e-9,0,11,3516,64
82,QBORE3D,315,233,0,first_order,3100.2008076508323,0.008085966110229492,19,3.1697721764623446e-10,4.039233658659214e-8,0,0,0,0,0,0,0,0,0,0,0,0,0,0,0,0,0,0,0,0,0,0,0,0,0,0,0,,6,6.386695834577181e-9,0,13,1724,76
83,QBRANDY,249,220,0,first_order,28375.114857001823,0.02292609214782715,23,3.3175927660813055e-9,3.701200280449e-10,0,0,0,0,0,0,0,0,0,0,0,0,0,0,0,0,0,0,0,0,0,0,0,0,0,0,0,,15,2.628011098597873e-11,0,8,5132,92
84,QCAPRI,353,271,0,first_order,6.679329323797517e7,0.04330801963806152,48,1.0989356657722486e-5,2.4051624886167744e-8,0,0,0,0,0,0,0,0,0,0,0,0,0,0,0,0,0,0,0,0,0,0,0,0,0,0,0,,5,1.832860631665585e-10,0,43,5477,192
85,QE226,282,223,0,first_order,212.65343303638255,0.044051170349121094,30,3.1598813206952167e-7,8.916867244579407e-12,0,0,0,0,0,0,0,0,0,0,0,0,0,0,0,0,0,0,0,0,0,0,0,0,0,0,0,,21,1.8886110681370066e-9,0,9,7581,120
86,QETAMACR,688,400,0,first_order,86760.3696624639,0.09063291549682617,35,0.0004503352926536648,9.625281462288102e-10,0,0,0,0,0,0,0,0,0,0,0,0,0,0,0,0,0,0,0,0,0,0,0,0,0,0,0,,18,1.532260783827589e-9,0,17,17780,140
87,QFFFFF80,854,524,0,first_order,873147.4605239448,0.11342382431030273,29,5.891403310753773e-7,3.873061673251519e-10,0,0,0,0,0,0,0,0,0,0,0,0,0,0,0,0,0,0,0,0,0,0,0,0,0,0,0,,6,2.2050979423917074e-10,0,23,26703,116
88,QFORPLAN,421,161,0,first_order,7.456631477691058e9,0.0368199348449707,30,0.007641131509444676,1.4952586033417842e-5,0,0,0,0,0,0,0,0,0,0,0,0,0,0,0,0,0,0,0,0,0,0,0,0,0,0,0,,6,9.74060834516612e-9,0,24,7899,120
89,QGFRDXPN,1092,616,0,first_order,1.0079058500610965e11,0.02387404441833496,19,0.0005041943340583596,3.799563501161174e-6,0,0,0,0,0,0,0,0,0,0,0,0,0,0,0,0,0,0,0,0,0,0,0,0,0,0,0,,3,1.9973634409731766e-9,0,16,5751,76
90,QGROW15,645,300,0,first_order,-1.0169364009188068e8,0.03992199897766113,19,0.5050290604253738,1.8969070112416497e-8,0,0,0,0,0,0,0,0,0,0,0,0,0,0,0,0,0,0,0,0,0,0,0,0,0,0,0,,7,9.185743442662917e-9,0,12,14141,76
91,QGROW22,946,440,0,first_order,-1.496289532826035e8,0.06755304336547852,22,0.5159686205186966,1.2056140629865549e-8,0,0,0,0,0,0,0,0,0,0,0,0,0,0,0,0,0,0,0,0,0,0,0,0,0,0,0,,7,4.196529736769654e-9,0,15,21157,88
92,QGROW7,301,140,0,first_order,-4.279871382317374e7,0.03665804862976074,25,0.09292100245214267,9.692190550377948e-7,0,0,0,0,0,0,0,0,0,0,0,0,0,0,0,0,0,0,0,0,0,0,0,0,0,0,0,,23,3.819010900178424e-9,0,2,6606,100
93,QISRAEL,142,174,0,first_order,2.534783825011617e7,0.025678157806396484,30,0.01468417558245624,8.811205614023265e-7,0,0,0,0,0,0,0,0,0,0,0,0,0,0,0,0,0,0,0,0,0,0,0,0,0,0,0,,21,6.819253565684912e-9,0,9,4911,120
94,QPCBLEND,83,74,0,first_order,-0.007842542667214453,0.007627964019775391,23,3.436898355679254e-7,5.192561214441218e-11,0,0,0,0,0,0,0,0,0,0,0,0,0,0,0,0,0,0,0,0,0,0,0,0,0,0,0,,19,5.369397520104666e-10,0,4,1241,92
95,QPCBOEI1,384,351,0,first_order,1.150391406443576e7,0.04009699821472168,33,0.010766736146408096,1.3165801732942933e-7,0,0,0,0,0,0,0,0,0,0,0,0,0,0,0,0,0,0,0,0,0,0,0,0,0,0,0,,6,9.667765912064261e-9,0,27,8326,132
96,QPCBOEI2,143,166,0,first_order,8.171962246697709e6,0.024232864379882812,57,0.0002791715525311961,1.7800333146356095e-7,0,0,0,0,0,0,0,0,0,0,0,0,0,0,0,0,0,0,0,0,0,0,0,0,0,0,0,,6,1.6347653208417847e-9,0,51,3167,228
97,QPCSTAIR,467,356,0,first_order,6.204387476212e6,0.05492711067199707,35,0.00036472855935636237,1.747817803031751e-11,0,0,0,0,0,0,0,0,0,0,0,0,0,0,0,0,0,0,0,0,0,0,0,0,0,0,0,,5,4.40508710507513e-11,0,30,12291,140
98,QPILOTNO,2172,975,0,first_order,4.728586899572389e6,0.31728196144104004,34,4.156495008774147e-5,1.932470996557356e-7,0,0,0,0,0,0,0,0,0,0,0,0,0,0,0,0,0,0,0,0,0,0,0,0,0,0,0,,2,4.314617038701172e-9,0,32,56719,136
99,QPTEST,2,2,0,first_order,4.371875000007741,0.0007178783416748047,7,2.0593269839715582e-11,1.3322676295501878e-14,0,0,0,0,0,0,0,0,0,0,0,0,0,0,0,0,0,0,0,0,0,0,0,0,0,0,0,,5,2.054911085836342e-11,0,2,13,28
100,QRECIPE,180,91,0,first_order,-266.6159994058531,0.006888151168823242,18,5.823223123823152e-11,2.2737367544323206e-12,0,0,0,0,0,0,0,0,0,0,0,0,0,0,0,0,0,0,0,0,0,0,0,0,0,0,0,,13,4.530671090634416e-9,0,5,1584,72
101,QSC205,203,205,0,first_order,-0.005813953470558373,0.008814811706542969,16,3.798219629438937e-10,1.3917928656386513e-12,0,0,0,0,0,0,0,0,0,0,0,0,0,0,0,0,0,0,0,0,0,0,0,0,0,0,0,,8,1.784427488991556e-11,0,8,2069,64
102,QSCAGR25,500,471,0,first_order,2.0173793862550625e8,0.02374100685119629,22,5.999505238473476e-9,1.1992493596559378e-7,0,0,0,0,0,0,0,0,0,0,0,0,0,0,0,0,0,0,0,0,0,0,0,0,0,0,0,,16,3.5629111203954933e-9,0,6,3686,88
103,QSCAGR7,140,129,0,first_order,2.6865948589026526e7,0.008845090866088867,27,1.4151323141708687e-5,6.186962764331838e-8,0,0,0,0,0,0,0,0,0,0,0,0,0,0,0,0,0,0,0,0,0,0,0,0,0,0,0,,24,2.7450779195215094e-10,0,3,952,108
104,QSCFXM1,457,330,0,first_order,1.688269166341851e7,0.03873109817504883,31,0.005534835508232833,2.6926722548501966e-8,0,0,0,0,0,0,0,0,0,0,0,0,0,0,0,0,0,0,0,0,0,0,0,0,0,0,0,,7,1.5535080943379466e-9,0,24,7670,124
105,QSCFXM2,914,660,0,first_order,2.777616159297146e7,0.07716894149780273,35,3.0527674574343244e-7,2.48334686148155e-9,0,0,0,0,0,0,0,0,0,0,0,0,0,0,0,0,0,0,0,0,0,0,0,0,0,0,0,,2,1.1140533716955687e-9,0,33,15656,140
106,QSCFXM3,1371,990,0,first_order,3.081635447345641e7,0.11924314498901367,39,6.934331669769037e-5,3.959257810493e-9,0,0,0,0,0,0,0,0,0,0,0,0,0,0,0,0,0,0,0,0,0,0,0,0,0,0,0,,2,6.922167398394562e-10,0,37,23177,156
107,QSCORPIO,358,388,0,first_order,1880.5095524928095,0.009671926498413086,15,2.9227917981281444e-8,1.1337068584534472e-9,0,0,0,0,0,0,0,0,0,0,0,0,0,0,0,0,0,0,0,0,0,0,0,0,0,0,0,,5,1.7101470997800876e-10,0,10,2941,60
108,QSCRS8,1169,490,0,first_order,904.5600143203549,0.036441802978515625,23,1.4460463909843693e-7,1.2719358308569892e-11,0,0,0,0,0,0,0,0,0,0,0,0,0,0,0,0,0,0,0,0,0,0,0,0,0,0,0,,8,1.0235655597458455e-9,0,15,8333,92
109,QSCSD1,760,77,0,first_order,8.666666674436222,0.016624927520751953,12,2.8313795752410442e-11,1.5643042416968456e-13,0,0,0,0,0,0,0,0,0,0,0,0,0,0,0,0,0,0,0,0,0,0,0,0,0,0,0,,9,1.1267125154839283e-11,0,3,5644,48
110,QSCSD6,1350,147,0,first_order,50.808213900412646,0.047818899154663086,22,4.85695100513627e-8,2.0704836556535992e-13,0,0,0,0,0,0,0,0,0,0,0,0,0,0,0,0,0,0,0,0,0,0,0,0,0,0,0,,13,1.3294642962607994e-10,0,9,10607,88
111,QSCSD8,2750,397,0,first_order,940.7635742232185,0.06844615936279297,15,2.12718337137758e-6,6.612927676838006e-12,0,0,0,0,0,0,0,0,0,0,0,0,0,0,0,0,0,0,0,0,0,0,0,0,0,0,0,,5,1.5657231421730544e-11,0,10,22476,60
112,QSCTAP1,480,300,0,first_order,1415.8611113050379,0.02709794044494629,28,2.0873704955688863e-9,1.1524449661237668e-7,0,0,0,0,0,0,0,0,0,0,0,0,0,0,0,0,0,0,0,0,0,0,0,0,0,0,0,,25,1.3920051150975557e-10,0,3,4989,112
113,QSCTAP2,1880,1090,0,first_order,1735.026503033638,0.09273004531860352,22,7.9929688423519e-8,3.377204230310432e-9,0,0,0,0,0,0,0,0,0,0,0,0,0,0,0,0,0,0,0,0,0,0,0,0,0,0,0,,20,3.417110912825886e-9,0,2,24978,88
114,QSCTAP3,2480,1480,0,first_order,1438.7546812902453,0.11746811866760254,22,3.129788821959518e-10,9.228839914499076e-12,0,0,0,0,0,0,0,0,0,0,0,0,0,0,0,0,0,0,0,0,0,0,0,0,0,0,0,,19,4.208298370369768e-10,0,3,32754,88
115,QSEBA,1028,515,0,first_order,8.148180047132874e7,0.03782510757446289,32,0.0011718385791036727,4.903213964800703e-8,0,0,0,0,0,0,0,0,0,0,0,0,0,0,0,0,0,0,0,0,0,0,0,0,0,0,0,,6,4.275590675819785e-9,0,26,6354,128
116,QSHARE1B,225,117,0,first_order,720078.3228299287,0.011250972747802734,24,2.715292570763884e-5,2.255546860396862e-10,0,0,0,0,0,0,0,0,0,0,0,0,0,0,0,0,0,0,0,0,0,0,0,0,0,0,0,,6,8.558172081070383e-9,0,18,2534,96
117,QSHARE2B,79,96,0,first_order,11703.691722919692,0.008860111236572266,19,9.363958248253508e-9,2.791214469851983e-9,0,0,0,0,0,0,0,0,0,0,0,0,0,0,0,0,0,0,0,0,0,0,0,0,0,0,0,,5,2.6274078581108755e-10,0,14,1702,76
118,QSHELL,1775,536,0,first_order,1.572636845620594e12,0.07639217376708984,35,0.10918529844522361,4.6697711050813773e-7,0,0,0,0,0,0,0,0,0,0,0,0,0,0,0,0,0,0,0,0,0,0,0,0,0,0,0,,6,2.0089065866502706e-9,0,29,13908,140
119,QSHIP04L,2118,402,0,first_order,2.420015536677212e6,0.044632911682128906,18,2.8034382759516037e-5,1.4147081450754939e-8,0,0,0,0,0,0,0,0,0,0,0,0,0,0,0,0,0,0,0,0,0,0,0,0,0,0,0,,17,2.3123276897250235e-9,0,1,12099,72
120,QSHIP04S,1458,402,0,first_order,2.424993673315242e6,0.035861968994140625,18,3.700508766968369e-6,2.5471200204574274e-8,0,0,0,0,0,0,0,0,0,0,0,0,0,0,0,0,0,0,0,0,0,0,0,0,0,0,0,,17,7.739301834222668e-10,0,1,8326,72
121,QSHIP08L,4283,778,0,first_order,2.3760406170275877e6,0.5005030632019043,18,2.7236451822842955e-5,5.8716747020071125e-9,0,0,0,0,0,0,0,0,0,0,0,0,0,0,0,0,0,0,0,0,0,0,0,0,0,0,0,,9,2.940466255299284e-10,0,9,145527,72
122,QSHIP08S,2387,778,0,first_order,2.3857288542007054e6,0.1280529499053955,22,0.0005035797752625064,1.2957620088016597e-8,0,0,0,0,0,0,0,0,0,0,0,0,0,0,0,0,0,0,0,0,0,0,0,0,0,0,0,,6,1.8767240358939696e-9,0,16,36777,88
123,QSHIP12L,5427,1151,0,first_order,3.018876579326048e6,0.6044931411743164,17,3.88038930296819e-5,3.022396999341481e-9,0,0,0,0,0,0,0,0,0,0,0,0,0,0,0,0,0,0,0,0,0,0,0,0,0,0,0,,6,7.643442021218972e-10,0,11,200058,68
124,QSHIP12S,2763,1151,0,first_order,3.056962257751032e6,0.10524606704711914,16,0.00012723644440620907,1.233540558587265e-8,0,0,0,0,0,0,0,0,0,0,0,0,0,0,0,0,0,0,0,0,0,0,0,0,0,0,0,,6,4.286251780573666e-9,0,10,39682,64
125,QSIERRA,2036,1227,0,first_order,2.3750458189653825e7,0.11796784400939941,27,5.051954655377318e-6,3.4720624338569227e-6,0,0,0,0,0,0,0,0,0,0,0,0,0,0,0,0,0,0,0,0,0,0,0,0,0,0,0,,16,1.341758528996158e-9,0,11,24390,108
126,QSTAIR,467,356,0,first_order,7.985452755024274e6,0.0572049617767334,30,1.2921810329681143e-5,4.923214458329994e-8,0,0,0,0,0,0,0,0,0,0,0,0,0,0,0,0,0,0,0,0,0,0,0,0,0,0,0,,2,1.1937943949758458e-10,0,28,14373,120
127,QSTANDAT,1075,359,0,first_order,6411.838395742291,0.028993844985961914,19,1.7607824396085348e-7,4.519935837568739e-7,0,0,0,0,0,0,0,0,0,0,0,0,0,0,0,0,0,0,0,0,0,0,0,0,0,0,0,,8,1.2778731086501536e-9,0,11,7270,76
128,S268,5,5,0,first_order,8.549250196665525e-11,0.0007021427154541016,10,1.3969838619232178e-9,7.105427357601002e-15,0,0,0,0,0,0,0,0,0,0,0,0,0,0,0,0,0,0,0,0,0,0,0,0,0,0,0,,6,3.987224772195376e-9,0,4,61,40
129,STADAT1,2001,3999,0,first_order,-2.8526864045253564e7,0.8152740001678467,197,1.778503033733614e-8,3.777562088099583e-9,0,0,0,0,0,0,0,0,0,0,0,0,0,0,0,0,0,0,0,0,0,0,0,0,0,0,0,,5,5.2134853171049915e-11,0,192,25995,788
130,STADAT2,2001,3999,0,first_order,-32.62666487274565,0.23405909538269043,66,1.7642623473257402e-11,1.9754244225068068e-11,0,0,0,0,0,0,0,0,0,0,0,0,0,0,0,0,0,0,0,0,0,0,0,0,0,0,0,,5,1.6642971262703612e-10,0,61,25995,264
131,STADAT3,4001,7999,0,first_order,-35.77945295240391,0.4759829044342041,64,8.574957584273069e-12,1.7892722654499496e-11,0,0,0,0,0,0,0,0,0,0,0,0,0,0,0,0,0,0,0,0,0,0,0,0,0,0,0,,5,5.732324062776521e-10,0,59,51995,256
132,STCQP1,4097,2052,0,first_order,155143.55503057293,0.023767948150634766,11,4.329900135065914e-5,0.0,0,0,0,0,0,0,0,0,0,0,0,0,0,0,0,0,0,0,0,0,0,0,0,0,0,0,0,,9,1.501848626116389e-9,0,2,4683,44
133,STCQP2,4097,2052,0,first_order,22327.31334393083,0.046269893646240234,12,4.696539211476538e-6,0.0,0,0,0,0,0,0,0,0,0,0,0,0,0,0,0,0,0,0,0,0,0,0,0,0,0,0,0,,10,1.5223649044254595e-9,0,2,17825,48
134,TAME,2,1,0,first_order,1.2818989709841442e-30,0.0004558563232421875,3,7.364461844761959e-10,2.414268784889373e-11,0,0,0,0,0,0,0,0,0,0,0,0,0,0,0,0,0,0,0,0,0,0,0,0,0,0,0,,2,3.2372367985411695e-9,0,1,6,12
135,UBH1,18009,12000,0,first_order,1.1160008156948154,1.2598979473114014,70,1.6505546929224124e-13,4.3376413572104866e-13,0,0,0,0,0,0,0,0,0,0,0,0,0,0,0,0,0,0,0,0,0,0,0,0,0,0,0,,22,8.692511745845745e-9,0,48,101958,280
136,VALUES,202,1,0,first_order,-1.39662114312165,0.01380610466003418,21,6.914180689880473e-8,8.047071327421154e-16,0,0,0,0,0,0,0,0,0,0,0,0,0,0,0,0,0,0,0,0,0,0,0,0,0,0,0,,19,9.805289661226276e-10,0,2,4025,84
137,YAO,2002,2000,0,max_iter,NaN,13.522735834121704,800,NaN,NaN,0,0,0,0,0,0,0,0,0,0,0,0,0,0,0,0,0,0,0,0,0,0,0,0,0,0,0,,9,NaN,0,791,15991,3200
138,ZECEVIC2,2,2,0,first_order,-4.124999997197892,0.001708984375,8,5.943292536265601e-11,3.108624468950438e-14,0,0,0,0,0,0,0,0,0,0,0,0,0,0,0,0,0,0,0,0,0,0,0,0,0,0,0,,6,3.3964396842041377e-9,0,2,13,32
