id,name,nvar,ncon,nequ,status,objective,elapsed_time,iter,dual_feas,primal_feas,neval_obj,neval_grad,neval_cons,neval_cons_lin,neval_cons_nln,neval_jcon,neval_jgrad,neval_jac,neval_jac_lin,neval_jac_nln,neval_jprod,neval_jprod_lin,neval_jprod_nln,neval_jtprod,neval_jtprod_lin,neval_jtprod_nln,neval_hess,neval_hprod,neval_jhess,neval_jhprod,neval_residual,neval_jac_residual,neval_jprod_residual,neval_jtprod_residual,neval_hess_residual,neval_jhess_residual,neval_hprod_residual,extrainfo,pdd,absolute_iter_cnt
1,25FV47,1571,821,0,max_time,20547.933255644206,42.52270197868347,24,21.5015884810025,1834.906879619348,0,0,0,0,0,0,0,0,0,0,0,0,0,0,0,0,0,0,0,0,0,0,0,0,0,0,0,,140.86299699844443,6
2,80BAU3B,9799,2262,0,max_time,6.838538077655358e8,40.05019497871399,8,2928.293262744526,3.209810248816688e6,0,0,0,0,0,0,0,0,0,0,0,0,0,0,0,0,0,0,0,0,0,0,0,0,0,0,0,,1.8043308696241154,2
3,ADLITTLE,97,56,0,acceptable,225497.52501012431,0.11716508865356445,72,3.2721424310019616e-6,1.3064505019246847e-6,0,0,0,0,0,0,0,0,0,0,0,0,0,0,0,0,0,0,0,0,0,0,0,0,0,0,0,,2.2704063910715707e-5,18
4,AFIRO,32,27,0,acceptable,-464.7509635081095,0.007615089416503906,40,6.446651691991307e-8,9.750777962835855e-10,0,0,0,0,0,0,0,0,0,0,0,0,0,0,0,0,0,0,0,0,0,0,0,0,0,0,0,,5.79996554785496e-6,10
5,AGG,163,488,0,acceptable,-3.598956352693345e7,9.417779922485352,124,0.004995234751042579,0.0027012110946004943,0,0,0,0,0,0,0,0,0,0,0,0,0,0,0,0,0,0,0,0,0,0,0,0,0,0,0,,5.607417290733462e-6,31
6,AGG2,302,516,0,acceptable,-2.0239122575591844e7,29.57835102081299,132,7.8407543152570724,3.1034578569233418e-6,0,0,0,0,0,0,0,0,0,0,0,0,0,0,0,0,0,0,0,0,0,0,0,0,0,0,0,,6.703255629563474e-5,33
7,AGG3,302,516,0,acceptable,1.031211746316123e7,29.61484980583191,156,28.747995793819427,0.001649192823734383,0,0,0,0,0,0,0,0,0,0,0,0,0,0,0,0,0,0,0,0,0,0,0,0,0,0,0,,1.4312052687742887e-6,39
8,BANDM,472,305,0,acceptable,-158.62271340247267,6.697829008102417,100,4.244618058821904e-6,2.452271593110655e-7,0,0,0,0,0,0,0,0,0,0,0,0,0,0,0,0,0,0,0,0,0,0,0,0,0,0,0,,7.724215104256302e-5,25
9,BEACONFD,262,173,0,acceptable,33592.75121507891,1.139423131942749,72,15.884045507526025,0.0015513403221565974,0,0,0,0,0,0,0,0,0,0,0,0,0,0,0,0,0,0,0,0,0,0,0,0,0,0,0,,2.357289830620064e-5,18
10,BLEND,83,74,0,acceptable,-30.81213335216754,0.0922250747680664,60,1.5153270968795604e-8,2.7975965988247253e-10,0,0,0,0,0,0,0,0,0,0,0,0,0,0,0,0,0,0,0,0,0,0,0,0,0,0,0,,3.2971153276813143e-6,15
11,BNL1,1175,643,0,max_time,6053.488911332717,32.20425510406494,32,6.33580441737891e-5,411.5293048753309,0,0,0,0,0,0,0,0,0,0,0,0,0,0,0,0,0,0,0,0,0,0,0,0,0,0,0,,10.03575472459115,8
12,BNL2,3489,2324,0,max_time,473674.7380660622,73.44374704360962,16,87.80908271249643,49188.985284643226,0,0,0,0,0,0,0,0,0,0,0,0,0,0,0,0,0,0,0,0,0,0,0,0,0,0,0,,10.999381223748108,4
13,BOEING1,384,351,0,acceptable,-335.21141777540356,24.951131105422974,148,9.6217812147098e-6,3.5710318115889095e-6,0,0,0,0,0,0,0,0,0,0,0,0,0,0,0,0,0,0,0,0,0,0,0,0,0,0,0,,2.426231626574349e-5,37
14,BOEING2,143,166,0,acceptable,-315.0052901645633,1.4098129272460938,120,4.029022116209396e-7,3.656217196323497e-7,0,0,0,0,0,0,0,0,0,0,0,0,0,0,0,0,0,0,0,0,0,0,0,0,0,0,0,,9.66522301630764e-5,30
15,BORE3D,315,233,0,acceptable,1373.0808456240784,2.6317219734191895,120,3.3694686862872913e-7,2.319531045289905e-7,0,0,0,0,0,0,0,0,0,0,0,0,0,0,0,0,0,0,0,0,0,0,0,0,0,0,0,,3.8088140769117718e-6,30
16,BRANDY,249,220,0,acceptable,1518.5716031313973,1.707430124282837,96,2.1914160637272195e-6,8.897433126090252e-6,0,0,0,0,0,0,0,0,0,0,0,0,0,0,0,0,0,0,0,0,0,0,0,0,0,0,0,,5.651019024256905e-5,24
17,CAPRI,353,271,0,acceptable,2690.07174417102,8.697553873062134,148,1.3640906573996207e-7,2.18004225338575e-7,0,0,0,0,0,0,0,0,0,0,0,0,0,0,0,0,0,0,0,0,0,0,0,0,0,0,0,,8.848655492777323e-5,37
18,CRE-A,4067,3516,0,max_time,7.013416797924545e9,55.290183782577515,16,0.10634002514336771,405706.3884869396,0,0,0,0,0,0,0,0,0,0,0,0,0,0,0,0,0,0,0,0,0,0,0,0,0,0,0,,1.0042901926785899,4
19,CRE-B,72447,9648,0,max_time,9.704405550189053e10,252.4819519519806,8,848.9105697242485,3.065929843464332e6,0,0,0,0,0,0,0,0,0,0,0,0,0,0,0,0,0,0,0,0,0,0,0,0,0,0,0,,1.000009056767632,2
20,CRE-C,3678,3068,0,max_time,7.066400109650326e9,69.45439910888672,16,0.05221399362592649,407617.6724972306,0,0,0,0,0,0,0,0,0,0,0,0,0,0,0,0,0,0,0,0,0,0,0,0,0,0,0,,1.0053959401135306,4
21,CRE-D,69980,8926,0,max_time,7.840315517155826e10,189.00099182128906,8,699.9839416123505,2.9171613102609436e6,0,0,0,0,0,0,0,0,0,0,0,0,0,0,0,0,0,0,0,0,0,0,0,0,0,0,0,,1.0000085432188537,2
22,CYCLE,2857,1903,0,max_time,46.91584282475581,53.01939296722412,16,4.099894828897918,20210.377932887568,0,0,0,0,0,0,0,0,0,0,0,0,0,0,0,0,0,0,0,0,0,0,0,0,0,0,0,,92.97655302565376,4
23,CZPROB,3523,929,0,max_time,6.964672456254274e6,34.593693017959595,24,0.8569215277965867,31247.103822982255,0,0,0,0,0,0,0,0,0,0,0,0,0,0,0,0,0,0,0,0,0,0,0,0,0,0,0,,17.129625836425564,6
24,D2Q06C,5167,2171,0,max_time,1.1148177956803e7,54.73359298706055,12,39036.886358133816,668449.0019825443,0,0,0,0,0,0,0,0,0,0,0,0,0,0,0,0,0,0,0,0,0,0,0,0,0,0,0,,37.51386027241936,3
25,D6CUBE,6184,415,0,max_time,1348.5274473113386,77.79034399986267,16,3.763537471576912,893.450383690466,0,0,0,0,0,0,0,0,0,0,0,0,0,0,0,0,0,0,0,0,0,0,0,0,0,0,0,,1.6766676928614277,4
26,DEGEN2,534,444,0,acceptable,-1435.147006789069,18.853549003601074,80,2.762685586191454e-8,7.355410739373625e-7,0,0,0,0,0,0,0,0,0,0,0,0,0,0,0,0,0,0,0,0,0,0,0,0,0,0,0,,7.17814157168084e-5,20
27,DEGEN3,1818,1503,0,max_time,-1173.3371777757702,43.578953981399536,16,7.111590135583379e-6,16.480359266503648,0,0,0,0,0,0,0,0,0,0,0,0,0,0,0,0,0,0,0,0,0,0,0,0,0,0,0,,3.1692994407643855,4
28,DFL001,12230,6071,0,max_time,9.49604978020783e11,82.71204090118408,12,4.0851024811254255e6,29714.270850084908,0,0,0,0,0,0,0,0,0,0,0,0,0,0,0,0,0,0,0,0,0,0,0,0,0,0,0,,1.004766731039669,3
29,E226,282,223,0,acceptable,-11.638558912591854,5.8914899826049805,112,0.0005750635755248368,9.700136625221757e-9,0,0,0,0,0,0,0,0,0,0,0,0,0,0,0,0,0,0,0,0,0,0,0,0,0,0,0,,5.256049297516378e-5,28
30,ETAMACRO,688,400,0,max_time,-755.6513461308489,30.289385080337524,140,0.12010107730173317,1.3620858459748378e-7,0,0,0,0,0,0,0,0,0,0,0,0,0,0,0,0,0,0,0,0,0,0,0,0,0,0,0,,0.0003138915752210547,35
31,FFFFF800,854,524,0,max_time,1.0149155344210872e6,32.333553075790405,64,23.73650724068284,2390.711612558749,0,0,0,0,0,0,0,0,0,0,0,0,0,0,0,0,0,0,0,0,0,0,0,0,0,0,0,,121.55479198272492,16
32,FINNIS,614,497,0,max_time,784337.9419584762,30.982743978500366,72,174.25539181439672,0.5191271827019364,0,0,0,0,0,0,0,0,0,0,0,0,0,0,0,0,0,0,0,0,0,0,0,0,0,0,0,,1.1731208616154887,18
33,FIT1D,1026,24,0,acceptable,-9146.347059838787,13.279274940490723,92,1.3854054100291785e-5,1.2032282384788912e-9,0,0,0,0,0,0,0,0,0,0,0,0,0,0,0,0,0,0,0,0,0,0,0,0,0,0,0,,3.6535459177953596e-5,23
34,FIT1P,1677,627,0,max_time,9402.201866908486,32.95552396774292,48,4.6996632995302545e-7,0.028303945021221466,0,0,0,0,0,0,0,0,0,0,0,0,0,0,0,0,0,0,0,0,0,0,0,0,0,0,0,,0.04699065011752346,12
35,FIT2D,10500,25,0,max_time,2954.2525338247856,30.065072059631348,40,66.57133263793577,0.0001250746257907831,0,0,0,0,0,0,0,0,0,0,0,0,0,0,0,0,0,0,0,0,0,0,0,0,0,0,0,,1120.2332722979713,10
36,FIT2P,13525,3000,0,max_time,1.2947534578929694e7,114.20069599151611,12,4685.876339052937,923.1901281362134,0,0,0,0,0,0,0,0,0,0,0,0,0,0,0,0,0,0,0,0,0,0,0,0,0,0,0,,1.6677396899774581,3
37,FORPLAN,421,161,0,max_iter,-608.7523009749933,22.780890941619873,400,7783.479381671874,0.0001263115555047989,0,0,0,0,0,0,0,0,0,0,0,0,0,0,0,0,0,0,0,0,0,0,0,0,0,0,0,,0.0071561397496759035,100
38,GANGES,1681,1309,0,max_time,-34108.244430781546,42.91802382469177,28,22165.712346273765,318699.2718384875,0,0,0,0,0,0,0,0,0,0,0,0,0,0,0,0,0,0,0,0,0,0,0,0,0,0,0,,1.5193511122808594e7,7
39,GFRD-PNC,1092,616,0,max_time,1.493999217280064e7,31.509346961975098,52,0.04008727843659782,0.7958154033846085,0,0,0,0,0,0,0,0,0,0,0,0,0,0,0,0,0,0,0,0,0,0,0,0,0,0,0,,1.2047179384169013,13
40,GREENBEA,5405,2392,0,max_time,-2.659119463897543e6,48.75491690635681,20,17357.02188679592,669829.9458295965,0,0,0,0,0,0,0,0,0,0,0,0,0,0,0,0,0,0,0,0,0,0,0,0,0,0,0,,504.9067588938584,5
41,GREENBEB,5405,2392,0,max_time,-3.2727946973865824e6,48.7590548992157,20,6027.4351417792395,620282.738265654,0,0,0,0,0,0,0,0,0,0,0,0,0,0,0,0,0,0,0,0,0,0,0,0,0,0,0,,253.66140409041026,5
42,GROW15,645,300,0,acceptable,-1.06868543789068e8,7.459795951843262,76,7.758697366032646e-5,1.9675189832923934e-7,0,0,0,0,0,0,0,0,0,0,0,0,0,0,0,0,0,0,0,0,0,0,0,0,0,0,0,,3.079665414356245e-5,19
43,GROW22,946,440,0,acceptable,-1.608338986028846e8,23.65713095664978,80,3.437083404737858e-5,4.2538340494502336e-7,0,0,0,0,0,0,0,0,0,0,0,0,0,0,0,0,0,0,0,0,0,0,0,0,0,0,0,,3.3388618542943374e-6,20
44,GROW7,301,140,0,acceptable,-4.778747108945963e7,0.9379658699035645,72,6.942754818984764e-5,3.5342125670467794e-8,0,0,0,0,0,0,0,0,0,0,0,0,0,0,0,0,0,0,0,0,0,0,0,0,0,0,0,,2.8016294354071107e-5,18
45,ISRAEL,142,174,0,acceptable,-896623.5432780946,1.7112650871276855,96,0.00013547143260539407,3.0133111122987444e-7,0,0,0,0,0,0,0,0,0,0,0,0,0,0,0,0,0,0,0,0,0,0,0,0,0,0,0,,6.0058453041610025e-5,24
46,KB2,41,43,0,acceptable,-1749.8923740212551,0.034935951232910156,84,2.5675522647427565e-5,4.47264726346412e-8,0,0,0,0,0,0,0,0,0,0,0,0,0,0,0,0,0,0,0,0,0,0,0,0,0,0,0,,1.988782572407737e-5,21
47,KEN-07,3602,2426,0,max_time,-2.8621679260869306e8,54.4471800327301,16,15766.500445341837,47.581909779991065,0,0,0,0,0,0,0,0,0,0,0,0,0,0,0,0,0,0,0,0,0,0,0,0,0,0,0,,514.0793347555364,4
48,KEN-11,21349,14694,0,max_time,-3.5373530192112784e9,84.77462315559387,8,19590.165464563448,1635.17292329993,0,0,0,0,0,0,0,0,0,0,0,0,0,0,0,0,0,0,0,0,0,0,0,0,0,0,0,,1841.2146964547671,2
49,KEN-13,42659,28632,0,max_time,-8.320250124527666e9,190.86002588272095,8,20467.11525871171,2629.1842187547054,0,0,0,0,0,0,0,0,0,0,0,0,0,0,0,0,0,0,0,0,0,0,0,0,0,0,0,,3049.3531850356667,2
50,KEN-18,154699,105127,0,max_time,-4.288988951917218e10,44.947124004364014,0,10080.967982700811,620.7625307731214,0,0,0,0,0,0,0,0,0,0,0,0,0,0,0,0,0,0,0,0,0,0,0,0,0,0,0,,7893.95973190902,0
51,LOTFI,308,153,0,acceptable,-25.264706061286688,8.792487144470215,348,0.003961436528686635,4.284083843231201e-7,0,0,0,0,0,0,0,0,0,0,0,0,0,0,0,0,0,0,0,0,0,0,0,0,0,0,0,,5.972205969541634e-5,87
52,MAROS-R7,9408,3136,0,max_time,4.032350696376918e6,33.541926860809326,24,0.0067769917495947105,1.3014778232900426e-7,0,0,0,0,0,0,0,0,0,0,0,0,0,0,0,0,0,0,0,0,0,0,0,0,0,0,0,,0.8840210330024916,6
53,MAROS,1443,846,0,max_time,-213910.02224760666,44.31914210319519,24,29063.615000143236,920133.274147318,0,0,0,0,0,0,0,0,0,0,0,0,0,0,0,0,0,0,0,0,0,0,0,0,0,0,0,,9015.59793488576,6
54,MODSZK1,1620,687,0,max_time,3.019039337250165e8,30.06411600112915,36,1.9979268245450699,0.00846504089774959,0,0,0,0,0,0,0,0,0,0,0,0,0,0,0,0,0,0,0,0,0,0,0,0,0,0,0,,1.007032198162952,9
55,NESM,2923,662,0,max_time,1.635906625296152e7,33.961843967437744,16,11861.829400908331,128361.78844244718,0,0,0,0,0,0,0,0,0,0,0,0,0,0,0,0,0,0,0,0,0,0,0,0,0,0,0,,119.41019708522752,4
56,OSA-07,23949,1118,0,max_time,1.943128557906131e8,32.93168902397156,16,473.83723741402446,245509.6327705731,0,0,0,0,0,0,0,0,0,0,0,0,0,0,0,0,0,0,0,0,0,0,0,0,0,0,0,,1.1017964033015726,4
57,OSA-14,52460,2337,0,max_time,6.086617166278666e8,62.88078594207764,16,466.12644330137664,779577.2607410402,0,0,0,0,0,0,0,0,0,0,0,0,0,0,0,0,0,0,0,0,0,0,0,0,0,0,0,,1.0675151427566547,4
58,OSA-30,100024,4350,0,max_time,4.535323574847819e9,42.12557888031006,12,719.5380805883196,6.077340131762642e6,0,0,0,0,0,0,0,0,0,0,0,0,0,0,0,0,0,0,0,0,0,0,0,0,0,0,0,,1.0281670403896395,3
59,OSA-60,232966,10280,0,max_time,1.3108305787307861e10,79.43409204483032,12,574.9497081637464,1.8350814710321877e7,0,0,0,0,0,0,0,0,0,0,0,0,0,0,0,0,0,0,0,0,0,0,0,0,0,0,0,,1.0153931220631527,3
60,PDS-02,7535,2953,0,max_time,7.946377765851138e11,68.90934705734253,12,83761.4014164079,5.483342189408224e6,0,0,0,0,0,0,0,0,0,0,0,0,0,0,0,0,0,0,0,0,0,0,0,0,0,0,0,,1.1910754972950215,3
61,PDS-06,28655,9881,0,max_time,5.1340432620528284e11,619.9580760002136,8,99402.71445436802,3.0225436825706223e6,0,0,0,0,0,0,0,0,0,0,0,0,0,0,0,0,0,0,0,0,0,0,0,0,0,0,0,,1.9947289078599202,2
62,PDS-10,48763,16558,0,max_time,3.9628561747919086e11,243.2172658443451,8,61847.00375844166,2.171746731625724e6,0,0,0,0,0,0,0,0,0,0,0,0,0,0,0,0,0,0,0,0,0,0,0,0,0,0,0,,11.816404294151765,2
63,PDS-20,105728,33874,0,max_time,3.48552474555432e11,982.0053291320801,8,105333.49562693492,1.6099047964466386e6,0,0,0,0,0,0,0,0,0,0,0,0,0,0,0,0,0,0,0,0,0,0,0,0,0,0,0,,6.082769664887008,2
64,PEROLD,1376,625,0,max_time,-10302.585503414044,36.67828607559204,32,2.7713623978476562e9,1.262946506283502e7,0,0,0,0,0,0,0,0,0,0,0,0,0,0,0,0,0,0,0,0,0,0,0,0,0,0,0,,5.355808642525089e6,8
65,PILOT-JA,1988,940,0,max_time,-3284.298004286435,36.97027111053467,16,3.5256349036174463e12,1.473375079573126e8,0,0,0,0,0,0,0,0,0,0,0,0,0,0,0,0,0,0,0,0,0,0,0,0,0,0,0,,3.5516241236174226e9,4
66,PILOT-WE,2789,722,0,max_time,-8.984202300757484e9,43.28339219093323,40,1.6021751041234375e10,1.2125372059301514e7,0,0,0,0,0,0,0,0,0,0,0,0,0,0,0,0,0,0,0,0,0,0,0,0,0,0,0,,64.33453223577065,10
67,PILOT,3652,1441,0,max_time,-7320.786276555626,54.838160037994385,16,3034.391895702687,573085.3686086462,0,0,0,0,0,0,0,0,0,0,0,0,0,0,0,0,0,0,0,0,0,0,0,0,0,0,0,,1442.417343041077,4
68,PILOT4,1000,410,0,max_time,-174.85668550169518,31.57725715637207,72,3336.3850176930428,1087.3098911746831,0,0,0,0,0,0,0,0,0,0,0,0,0,0,0,0,0,0,0,0,0,0,0,0,0,0,0,,4394.9668188657,18
69,PILOT87,4883,2030,0,max_time,2.575597655997996e6,41.201326847076416,16,3149.7080490999774,1.2011632546336283e6,0,0,0,0,0,0,0,0,0,0,0,0,0,0,0,0,0,0,0,0,0,0,0,0,0,0,0,,199.74709200538445,4
70,PILOTNOV,2172,975,0,max_time,-652430.6325116162,51.270922899246216,16,5.162257576611248e11,1.106900227553243e8,0,0,0,0,0,0,0,0,0,0,0,0,0,0,0,0,0,0,0,0,0,0,0,0,0,0,0,,15049.57689013803,4
71,QAP12,8856,3192,0,max_time,681.7544751326254,87.78196310997009,12,0.0001430938835182971,0.005342159334196239,0,0,0,0,0,0,0,0,0,0,0,0,0,0,0,0,0,0,0,0,0,0,0,0,0,0,0,,0.40637209034394606,3
72,QAP15,22275,6330,0,max_time,1737.091449038902,50.720301151275635,8,0.0011196631775796106,0.02681483109876215,0,0,0,0,0,0,0,0,0,0,0,0,0,0,0,0,0,0,0,0,0,0,0,0,0,0,0,,0.7611327882267185,2
73,QAP8,1632,912,0,max_time,207.10799791940497,37.70697784423828,28,1.5445296778458795e-5,0.00017927657508076678,0,0,0,0,0,0,0,0,0,0,0,0,0,0,0,0,0,0,0,0,0,0,0,0,0,0,0,,0.025086291880767646,7
74,RECIPELP,180,91,0,acceptable,-266.6145536610214,0.13575291633605957,52,7.710335034569666e-6,3.5745777429081214e-7,0,0,0,0,0,0,0,0,0,0,0,0,0,0,0,0,0,0,0,0,0,0,0,0,0,0,0,,4.033597474867089e-5,13
75,SC105,103,105,0,acceptable,-52.20193075962059,0.21804094314575195,64,1.9462422407291307e-8,3.60153407917144e-9,0,0,0,0,0,0,0,0,0,0,0,0,0,0,0,0,0,0,0,0,0,0,0,0,0,0,0,,1.5126304042302489e-6,16
76,SC205,203,205,0,acceptable,-52.201164909865206,1.4891600608825684,76,1.8208876335112414e-7,2.5685816506042606e-8,0,0,0,0,0,0,0,0,0,0,0,0,0,0,0,0,0,0,0,0,0,0,0,0,0,0,0,,1.5529081353510794e-5,19
77,SC50A,48,50,0,acceptable,-64.57506885574504,0.02414107322692871,52,4.477937992773511e-9,4.54732131305506e-10,0,0,0,0,0,0,0,0,0,0,0,0,0,0,0,0,0,0,0,0,0,0,0,0,0,0,0,,2.1782546610556302e-7,13
78,SC50B,48,50,0,acceptable,-69.99999436075215,0.019404888153076172,44,1.9587604300503962e-8,1.0770582778882983e-9,0,0,0,0,0,0,0,0,0,0,0,0,0,0,0,0,0,0,0,0,0,0,0,0,0,0,0,,2.4403068477884917e-7,11
79,SCAGR25,500,471,0,acceptable,-1.475313909389712e7,17.008520126342773,84,6.246855369010151e-5,8.096468263829593e-6,0,0,0,0,0,0,0,0,0,0,0,0,0,0,0,0,0,0,0,0,0,0,0,0,0,0,0,,6.813267431828107e-5,21
80,SCAGR7,140,129,0,acceptable,-2.331312573431652e6,0.35625314712524414,64,3.6575541037559e-5,1.1812826983259583e-7,0,0,0,0,0,0,0,0,0,0,0,0,0,0,0,0,0,0,0,0,0,0,0,0,0,0,0,,8.639654341993586e-5,16
81,SCFXM1,457,330,0,acceptable,18417.28460804415,13.43717098236084,116,0.02412270216154866,3.9466831405521485e-7,0,0,0,0,0,0,0,0,0,0,0,0,0,0,0,0,0,0,0,0,0,0,0,0,0,0,0,,5.9567027681589335e-5,29
82,SCFXM2,914,660,0,max_time,78288.12852031231,30.89828109741211,44,0.6353774646843249,54.52345832068909,0,0,0,0,0,0,0,0,0,0,0,0,0,0,0,0,0,0,0,0,0,0,0,0,0,0,0,,13.760327444338477,11
83,SCFXM3,1371,990,0,max_time,154861.68755338877,33.42696809768677,24,82.21198927273008,5414.7272267833605,0,0,0,0,0,0,0,0,0,0,0,0,0,0,0,0,0,0,0,0,0,0,0,0,0,0,0,,171.85226700447828,6
84,SCORPION,358,388,0,acceptable,1878.126423158833,5.972732067108154,80,1.4656734492746182e-8,1.1204728245089459e-6,0,0,0,0,0,0,0,0,0,0,0,0,0,0,0,0,0,0,0,0,0,0,0,0,0,0,0,,1.2170775997359468e-6,20
85,SCRS8,1169,490,0,max_time,1319.332519419844,31.709067821502686,40,0.6973117297843032,2.1213192573476025,0,0,0,0,0,0,0,0,0,0,0,0,0,0,0,0,0,0,0,0,0,0,0,0,0,0,0,,1.1380590045083443,10
86,SCSD1,760,77,0,acceptable,8.666669328883223,3.6471800804138184,48,1.723904690593392e-10,4.650628833365683e-10,0,0,0,0,0,0,0,0,0,0,0,0,0,0,0,0,0,0,0,0,0,0,0,0,0,0,0,,2.883321011609676e-7,12
87,SCSD6,1350,147,0,acceptable,50.50177035757964,25.285261154174805,52,3.0597205722355728e-9,8.252425666432917e-9,0,0,0,0,0,0,0,0,0,0,0,0,0,0,0,0,0,0,0,0,0,0,0,0,0,0,0,,3.888905565224992e-5,13
88,SCSD8,2750,397,0,max_time,1133.2417880237422,37.3899028301239,20,7.559317338268201e-5,4.656921553436444e-5,0,0,0,0,0,0,0,0,0,0,0,0,0,0,0,0,0,0,0,0,0,0,0,0,0,0,0,,0.2772368734694985,5
89,SCTAP1,480,300,0,acceptable,1412.2858398742915,11.27211594581604,104,3.463715333544559e-7,8.430275795223707e-7,0,0,0,0,0,0,0,0,0,0,0,0,0,0,0,0,0,0,0,0,0,0,0,0,0,0,0,,5.209112885295312e-5,26
90,SCTAP2,1880,1090,0,max_time,2431.5723564594223,40.547719955444336,40,1.4907926006724193e-6,0.6360467969495058,0,0,0,0,0,0,0,0,0,0,0,0,0,0,0,0,0,0,0,0,0,0,0,0,0,0,0,,0.38735366618280687,10
91,SCTAP3,2480,1480,0,max_time,3462.6048940922255,31.648629903793335,32,1.5364500078884902e-6,1.0860733745288318,0,0,0,0,0,0,0,0,0,0,0,0,0,0,0,0,0,0,0,0,0,0,0,0,0,0,0,,0.7561428200358179,8
92,SEBA,1028,515,0,max_time,17739.161060691764,30.710609912872314,64,0.33598093756562264,2.071263552028597,0,0,0,0,0,0,0,0,0,0,0,0,0,0,0,0,0,0,0,0,0,0,0,0,0,0,0,,0.7116418006888323,16
93,SHARE1B,225,117,0,acceptable,-76582.2498540731,0.9713549613952637,112,0.0019366747649102866,4.7452513263129066e-8,0,0,0,0,0,0,0,0,0,0,0,0,0,0,0,0,0,0,0,0,0,0,0,0,0,0,0,,7.225045438192241e-5,28
94,SHARE2B,79,96,0,acceptable,-415.73178936514796,0.239365816116333,72,1.3597189541016087e-5,9.47775884543933e-9,0,0,0,0,0,0,0,0,0,0,0,0,0,0,0,0,0,0,0,0,0,0,0,0,0,0,0,,3.26226210679178e-5,18
95,SHELL,1775,536,0,max_time,4.659626380146407e9,35.87898397445679,44,196.70574917373676,3665.55496472981,0,0,0,0,0,0,0,0,0,0,0,0,0,0,0,0,0,0,0,0,0,0,0,0,0,0,0,,6.245357328001464,11
96,SHIP04L,2118,402,0,max_time,1.8930264059481593e6,35.7929151058197,24,0.05573996888944066,1.999680981430122,0,0,0,0,0,0,0,0,0,0,0,0,0,0,0,0,0,0,0,0,0,0,0,0,0,0,0,,0.14166611601144272,6
97,SHIP04S,1458,402,0,max_time,1.824980820574484e6,30.09834098815918,36,0.003108454693956375,0.1204797102780506,0,0,0,0,0,0,0,0,0,0,0,0,0,0,0,0,0,0,0,0,0,0,0,0,0,0,0,,0.023982033916134352,9
98,SHIP08L,4283,778,0,max_time,2.619134648435657e6,40.05891489982605,8,25.028990254205837,45.68884172533402,0,0,0,0,0,0,0,0,0,0,0,0,0,0,0,0,0,0,0,0,0,0,0,0,0,0,0,,0.4654085258186096,2
99,SHIP08S,2387,778,0,max_time,1.9697071455983203e6,42.72916388511658,12,17.394853740500366,13.722851070654965,0,0,0,0,0,0,0,0,0,0,0,0,0,0,0,0,0,0,0,0,0,0,0,0,0,0,0,,0.1810293973422909,3
100,SHIP12L,5427,1151,0,max_time,2.270709256480493e6,30.745407819747925,12,1.0203817071387675,26.167872082644884,0,0,0,0,0,0,0,0,0,0,0,0,0,0,0,0,0,0,0,0,0,0,0,0,0,0,0,,0.5266472240359198,3
101,SHIP12S,2763,1151,0,max_time,1.7255583118823674e6,54.36088800430298,16,0.7732401538814884,10.976500203726111,0,0,0,0,0,0,0,0,0,0,0,0,0,0,0,0,0,0,0,0,0,0,0,0,0,0,0,,0.28975431953734,4
102,SIERRA,2036,1227,0,max_time,2.8304866543583864e8,57.119203090667725,16,128793.03160095215,487680.82455600344,0,0,0,0,0,0,0,0,0,0,0,0,0,0,0,0,0,0,0,0,0,0,0,0,0,0,0,,2340.4746489937847,4
103,STAIR,467,356,0,acceptable,-251.26635872537875,8.994065999984741,100,2.116634794959816e-8,8.377787078656107e-9,0,0,0,0,0,0,0,0,0,0,0,0,0,0,0,0,0,0,0,0,0,0,0,0,0,0,0,,4.36928006997512e-6,25
104,STANDATA,1075,359,0,acceptable,1257.6998318119824,18.385807037353516,72,1.3657646806481525e-9,1.2281207035567433e-6,0,0,0,0,0,0,0,0,0,0,0,0,0,0,0,0,0,0,0,0,0,0,0,0,0,0,0,,4.1063924010759486e-7,18
105,STANDGUB,1184,361,0,acceptable,1257.701653421741,21.78663420677185,72,3.675887683129986e-8,4.671277538061662e-8,0,0,0,0,0,0,0,0,0,0,0,0,0,0,0,0,0,0,0,0,0,0,0,0,0,0,0,,2.2437751946127585e-6,18
106,STANDMPS,1075,467,0,max_time,1883.7686127514914,33.21544289588928,60,0.00042255897845872026,8.312225516292774,0,0,0,0,0,0,0,0,0,0,0,0,0,0,0,0,0,0,0,0,0,0,0,0,0,0,0,,0.34915411525316986,15
107,STOCFOR1,111,117,0,acceptable,-41131.969709183904,0.2814500331878662,64,0.000356232161802912,4.19319418173969e-7,0,0,0,0,0,0,0,0,0,0,0,0,0,0,0,0,0,0,0,0,0,0,0,0,0,0,0,,3.541303811864132e-6,16
108,STOCFOR2,2031,2157,0,max_time,59632.79263678269,55.400285959243774,16,100.92428626210331,596.1917221640924,0,0,0,0,0,0,0,0,0,0,0,0,0,0,0,0,0,0,0,0,0,0,0,0,0,0,0,,15.301873613923695,4
109,STOCFOR3,15695,16675,0,max_time,207386.8177077481,83.91140103340149,8,1053.3154450831505,1345.3179196528304,0,0,0,0,0,0,0,0,0,0,0,0,0,0,0,0,0,0,0,0,0,0,0,0,0,0,0,,12.058148937971026,2
110,TRUSS,8806,1000,0,max_time,974106.9655028159,37.52700996398926,16,0.7809767304190116,0.015982994211416468,0,0,0,0,0,0,0,0,0,0,0,0,0,0,0,0,0,0,0,0,0,0,0,0,0,0,0,,0.6633692455890297,4
111,TUFF,587,333,0,max_time,0.5708017154186273,30.22612690925598,236,2.3633676423341967,0.0627118776151292,0,0,0,0,0,0,0,0,0,0,0,0,0,0,0,0,0,0,0,0,0,0,0,0,0,0,0,,0.8418378285494458,59
112,VTP-BASE,203,198,0,acceptable,129831.50173507308,1.8433620929718018,100,0.00018845724838317698,2.379764781374784e-6,0,0,0,0,0,0,0,0,0,0,0,0,0,0,0,0,0,0,0,0,0,0,0,0,0,0,0,,8.445936731121213e-7,25
113,WOOD1P,2594,244,0,max_time,1.8812899614142662,47.17323088645935,40,1.1953598323205528e-5,3.0820114389718696,0,0,0,0,0,0,0,0,0,0,0,0,0,0,0,0,0,0,0,0,0,0,0,0,0,0,0,,0.2228759395096356,10
114,WOODW,8405,1098,0,max_time,2.644832032110285,43.928571939468384,28,0.022743245089531405,443.0945388387593,0,0,0,0,0,0,0,0,0,0,0,0,0,0,0,0,0,0,0,0,0,0,0,0,0,0,0,,27.84904847917617,7
